"source","id","doi","title","authors","journal","published_date","url","abstract"
"pubmed","42727572","10.1039/d6cp01933a","Computational investigation of ternary Mg-Co-B compounds as cathode materials for Mg-ion batteries.","Paitandi, Somnath; Upadhyay, Shivansh; Bhattacharyya, Kalishankar","Physical chemistry chemical physics : PCCP","2026-09-11","https://pubmed.ncbi.nlm.nih.gov/42727572/","The sluggish development of Mg-ion batteries is largely attributed to the scarcity of cathode materials that concurrently offer high specific capacity, suitable intercalation voltages, and low Mg-ion migration barriers. In this work, a structure prediction workflow combining an evolutionary algorithm with convex hull analysis was employed to generate and screen Mg-Co-B ternary boride materials, from which three thermodynamically stable compounds MgCoB, MgCo(3)B(2), and Mg(3)Co(3)B(2) were identified. The dynamical, thermodynamic, and ground-state stability of all three compounds was thoroughly confirmed through phonon dispersion calculations, Gibbs free energy analysis, and convex hull formation energies, respectively. To efficiently screen the large number of possible symmetry inequivalent Mg-extraction configurations, a machine learning interatomic potential was employed for structural exploration, followed by DFT calculations for accurate energetic evaluation, thereby substantially reducing the computational cost. Subsequent DFT-based electrochemical analysis reveals that Mg(3)Co(3)B(2) is electrochemically unsuitable due to anomalously large negative intercalation voltages, while MgCo(3)B(2) is limited by a prohibitively high Mg-ion migration barrier of 0.75 eV. In contrast, MgCoB emerges as the most promising material, exhibiting a theoretical specific capacity of 356.2 mAh g(-1), a gravimetric energy density of 278 Wh kg(-1), and a substantially reduced Mg-ion migration barrier of 0.35 eV, depicting it as a highly competitive cathode material for next-generation Mg-ion batteries."
"pubmed","42727359","10.1016/j.compbiolchem.2026.109394","Uncovering hub genes and key pathways responsive to drought stress in rice via meta-analysis of transcriptomic data.","Joshi, Sachin; Chaudhary, Parneeta; Mrinal, Rishi; Chauhan, Ankita; Pandey, Niharika; Gautam, Sneh; Lohani, Pushpa","Computational biology and chemistry","2026-09-11","https://pubmed.ncbi.nlm.nih.gov/42727359/","Drought stress presents a formidable threat to global rice cultivation, triggering complex molecular responses that impact plant growth and productivity. To decipher the underlying gene expression dynamics, we performed a comprehensive meta-analysis of transcriptomic datasets derived from drought-tolerant rice genotypes. Via microarray data from three independent studies, we identified a set of consistently expressed differentially expressed genes (DEGs) under drought conditions. Integration of functional annotation tools, including GO and KEGG pathway enrichment, revealed key biological processes and signaling cascades involved in stress mitigation, such as ABA signaling, protein folding, and photosynthesis suppression. Protein-protein interaction (PPI) network construction, followed by hub gene identification via maximal clique centrality (MCC), highlighted pivotal regulators including LEA proteins, dehydrins, HSP70, and several transcription factors. Machine learning approaches further prioritize potential biomarkers, with Random Forest models achieving high classification accuracy and pinpointing key predictive genes. Chromosomal localization analysis provided spatial insights into the distribution of these hub genes, whose expression patterns were further compared against qRT-PCR data from previously published studies. This integrative approach identifies candidate genomic markers and mechanistic insights that may support future breeding strategies for drought-tolerant rice, pending experimental validation."
"pubmed","42725970","10.1021/acsinfecdis.6c00512","Deciphering the Role of the Nonactive Site Ancillary Residues in Maintaining the Activity and Substrate Specificity of the OXA-232 beta-Lactamase.","Tejavath, Ajith; Biju, Bayomi; Panda, Aditya Prasad; Jain, Diamond; Chowdhury, Chiranjit; Ghosh, Anindya Sundar","ACS infectious diseases","2026-09-11","https://pubmed.ncbi.nlm.nih.gov/42725970/","OXA-232, an OXA-48 - like carbapenemase stands among newly identified beta-lactamases that causes of the extensive of beta-lactam resistance. While active-site residues are well characterized, the contributions of conserved nonactive-site residues in exerting enzymatic activity remain unexplored, limiting our understanding about the roles of these residues in the overall OXA-232 function. To address these gaps, the conserved residues S118, V120, L158, and D159 of OXA-232 positioned adjacent to the active-site motifs and within the Omega-loop were substituted with alanine. Substitutions of S118A and D159A rendered the expressing cells susceptible to penicillins, cephalosporins, and carbapenems, whereas the cells harboring OXA-232V120A and OXA-232L158A exhibited substrate-selective susceptibility changes. Kinetic analysis with purified proteins revealed the reduction in catalytic efficiency of all the mutants compared to wild-type protein. Though the L158A and D159A mutated proteins become deacylation-deficient, the mutations S118A and V120A exhibited selective acylation defects without trapping intermediates. It is evident from circular dichroism spectroscopy and molecular dynamics simulations that OXA-232S118A, OXA-232V120A, OXA-232L158A and OXA-232D159A nearly retained their secondary structures and compactness. Interestingly, bicarbonate supplementation partially rescued the lost activities in soluble mutants, underscoring the carbamylation dependence. Taken together, these findings establish S118 and D159 as essential for core catalysis and structural integrity, with V120 and L158 modulating substrate-specific turnover and orientation. The current study reappraised the mechanistic insights of OXA-48-like carbapenemases, providing significant resources in rationally designing future therapeutics to combat carbapenem resistance."
"pubmed","42725553","10.1107/S2052252526007797","Structure and spectroscopy of propane and propene in the solid state from neutron powder diffraction and inelastic neutron scattering.","Fortes, A Dominic; Howard, Christopher M; Parker, Stewart F","IUCrJ","2026-09-11","https://pubmed.ncbi.nlm.nih.gov/42725553/","Using high-resolution neutron powder diffraction data, we have refined the previously determined monoclinic structure of the stable beta-phase of perdeuterated propane at 10 K and characterized the anisotropic thermal expansion from 10 to 80 K. Using the same methods, we have determined the structure of the stable orthorhombic beta-phase of perdeuterated propene for the first time and similarly characterized its thermal expansion between 10 and 85 K. Combining these results with published thermodynamic data, we estimate the magnitude of the volume isotope effect (VIE) in propane and propene to provide parameterizations of the density of each substance in the natural protiated form from limiting low temperature up to their respective melting points. We have been able to establish, using force-field-based structure prediction methods, that the metastable alpha-phase of propene forms a body-centred tetragonal crystal with a nearly identical packing arrangement to the stable beta-phase. This represents an original use of structure prediction methods to obtain results retrospectively from a 28-year-old powder diffraction study with data of low quality, rather than the more usual application of pro-active materials discovery, suggesting promising computational - and perhaps AI or machine learning driven - routes to extracting value from archived historical data. Inelastic neutron scattering spectroscopy, combined with density functional theory calculations, have yielded vibrational mode assignments for beta-propane, and for both alpha- and beta-propene, in protiated and deuterated isotopologues. This work provides astronomers with the data required to interpret accurately the infrared spectra of interstellar ice grains and cloud condensates in gas giant planet atmospheres, and provides planetary scientists with information on the temperature-dependent densities necessary to model accurately the behaviour of hydrocarbon sediment grains in various extraterrestrial fluid environments, such as Titan's ethane rivers and seas."
"pubmed","42725182","10.3389/fmicb.2026.1907662","Investigation of salt-bridge interactions underlying salt activation of halophilic methionine sulfoxide reductase A.","Chen, Shuhong; Liu, Lianghui; Zhou, Hailang; Kuang, Xiaoxue; Li, Ye; Liu, Rong; Yang, Jiawei; Cheng, Xiaoling","Frontiers in microbiology","2026-09-11","https://pubmed.ncbi.nlm.nih.gov/42725182/","INTRODUCTION: Halophilic microorganisms inhabit hypersaline environments where sustained ionic stress challenges protein structure and function, making salt-responsive enzymes important for cellular fitness. Here, we investigated the salt-bridge interactions that support salt-dependent activation of a halophilic methionine sulfoxide reductase A from Halobacterium hubeiense (HhMsrA), a key enzyme involved in repairing oxidized methionine residues. METHODS: Molecular dynamics (MD) simulations, mutagenesis analyses, enzyme activity assays, and circular dichroism (CD) measurements were used to identify key salt-bridge-forming residues and evaluate their contributions to the salt-dependent structural and functional behavior of HhMsrA. RESULTS: MD simulations and mutagenesis analyses identified Arg106 and Lys76 as prominent salt-bridge nodes, and charge-conservative substitutions at these positions largely preserved the high-salt activity profile, whereas non-conservative substitutions (e.g., acidic, hydrophobic, aromatic, or proline replacements) generally reduced activity. Moreover, combined proline substitutions produced a pronounced cumulative effect, leaving the enzyme with only minimal activity even under high-salt conditions. MD analyses further associated these site-specific salt-bridge interactions with the maintenance of the salt-adapted structural state required for HhMsrA activity. CD measurements further showed a strong KCl-dependent helical response in HhMsrA that was attenuated to varying degrees across mutants targeting salt-bridge-forming residues. DISCUSSION: These findings demonstrate that salt-dependent activity of HhMsrA is supported by a small set of salt-bridge nodes that contribute to maintaining a high-salt structural state compatible with HhMsrA catalytic function."
"pubmed","42725092","10.1016/j.xcrp.2026.103448","Explainable AI reveals the allosteric blind spot in protein-ligand binding predictions.","Parikh, Vedant; Foley, Brandon; Gatlin, Will; Ludwick, Max; Turano, Lucas; Verkhivker, Gennady M","Cell reports. Physical science","2026-09-11","https://pubmed.ncbi.nlm.nih.gov/42725092/","Artificial intelligence (AI) has transformed prediction of protein structure and interactions, yet modeling of allosteric binding remains a persistent challenge. We develop an explainable AI framework that interrogates AI models AlphaFold3, Protenix, Boltz-2, Chai-1, and DynamicBind on rigorously stratified datasets of orthosteric and allosteric ligand-protein complexes. While AI models excel in accurate modeling of orthosteric ligand binding, a consistent and substantial performance gap observed across diverse architectures emerges in prediction of allosteric complexes. The biophysical logic for this dichotomy is unveiled through physics-based lens of the energy landscape theory. Orthosteric binding creates dominant energetic funnels via ligand-induced minimal frustration quenching, while allosteric sites preserve neutral frustration landscapes in both apo and holo protein states. By linking prediction outcomes to frustration landscapes, this study recasts AI shortcomings in prediction of allosteric ligand binding as diagnostic indicators of allostery, establishing a physics-informed framework that turns the allosteric blind spot into mechanistic insight."
"pubmed","42724935","10.21769/BioProtoc.5816","Humanizing Antibodies and Nanobodies From Scratch With HuDiff.","Nan, Yang; Sun, Hongshuai; Zhang, Bo; Yang, Yue; He, Jianxin; Bai, Qifeng","Bio-protocol","2026-09-11","https://pubmed.ncbi.nlm.nih.gov/42724935/","Antibody (Ab) and nanobody (Nb) humanization is essential for reducing immunogenicity in therapeutic applications. HuDiff is an adaptive autoregressive diffusion approach that generates humanized antibodies and nanobodies from scratch using only complementarity-determining region sequences as input, eliminating the need for preexisting human templates. The method follows a two-stage training pipeline: pretraining on human antibody sequences to learn framework region patterns, followed by fine-tuning on target-species sequences. HuDiff-Ab processes paired heavy and light chains for conventional antibodies, while HuDiff-Nb can incorporate a specialized inpainting mode to preserve critical nanobody framework residues. This protocol provides a complete step-by-step guide for implementing HuDiff, covering data preparation, model training, and sequence generation. Key features * Requires only CDR sequences as input and does not require human template selection. * Uses a two-stage training strategy, with pretraining on human antibody sequences and fine-tuning on target-species sequences guided by humanness scores. * HuDiff-Ab humanizes paired heavy and light chains simultaneously, whereas HuDiff-Nb provides an inpainting mode to preserve key framework residues. * Generates multiple diverse humanized candidates for downstream experimental screening."
"pubmed","42724590","10.62347/EKCM7279","AI-assisted design and virtual profiling of targeted degraders for pancreatic cancer therapy via PROTAC technology.","Du, Bing; Wang, Kunjie; Wu, Zhu; Qiu, Shaofan; Konstantinos, Filippiadis Dimitrios; Yu, Shuo","American journal of cancer research","2026-09-11","https://pubmed.ncbi.nlm.nih.gov/42724590/","Pancreatic cancer remains one of the most lethal malignancies because of late diagnosis, aggressive progression, therapy resistance, and limited effective treatment options. Bromodomain-containing protein 4 (BRD4) is an important epigenetic regulator implicated in pancreatic cancer progression through its role in transcriptional control, cell proliferation, and survival signaling. Targeted protein degradation using proteolysis-targeting chimeras (PROTACs) offers a potential strategy for eliminating disease-associated proteins through ubiquitin-proteasome-mediated degradation rather than transient pharmacological inhibition. In this study, an AI-assisted and structure-guided computational workflow was used to design and virtually prioritize BRD4-targeting PROTAC candidates recruiting DCAF15 as the E3 ligase component. The workflow integrated protein-structure evaluation, pharmacophore-based ligand screening, ADMET and Lipinski filtering, binary protein-ligand docking, molecular-interaction analysis, rational linker selection, BRD4-DCAF15 protein-protein docking, PROTAC-mediated ternary-complex docking, and molecular dynamics simulation. The results identified CLTTMPBA-linker-E7820 as a computationally prioritized PROTAC architecture with favorable predicted binding behavior, residue-level interaction patterns, and simulated ternary-complex stability. Importantly, this study is entirely computational and should be interpreted as an early-stage in silico prioritization framework rather than experimental evidence of BRD4 degradation or anticancer efficacy. The proposed BRD4-DCAF15 PROTAC candidates represent lead hypotheses that require biochemical, cellular, pharmacological, and in vivo validation, including confirmation of target engagement, ternary-complex formation, proteasome-dependent BRD4 degradation, downstream transcriptional modulation, pancreatic cancer cell inhibition, selectivity, pharmacokinetics, toxicity, and antitumor efficacy."
"pubmed","42724007","10.34133/csbj.0179","Multi-state Structure Prediction of G Protein-Coupled Receptor Proteins via Prompting on AlphaFold.","Sun, Zhigang; Zhang, Tao; Zhang, Kexin; Pang, Anqi; Yu, Jiale; Zeng, Liting; Yang, Sibei; Zhao, Suwen; Zheng, Jie","Computational and structural biotechnology journal","2026-09-11","https://pubmed.ncbi.nlm.nih.gov/42724007/","G protein-coupled receptors (GPCRs), an essential family of transmembrane proteins, widely participate in signal transduction in organisms and have long been recognized as a major class of therapeutic targets. In structure-based drug design, high-resolution structures of GPCRs in both active and inactive states are essential for designing agonists and antagonists, respectively. However, obtaining experimental GPCR structures is costly, while homology modeling and artificial-intelligence-driven approaches including AlphaFold 2 and AlphaFold 3 often show reduced accuracy for active-state conformations. To address the above limitations, we propose PromptGPCR, an AlphaFold-based inference framework aiming to predict highly accurate structures of GPCRs in both active and inactive states. We provide AlphaFold-Multimer and AlphaFold 3 with biological sequences based on knowledge of structural biology as prompts to guide the models in the multi-state prediction task. Experimental results demonstrate that PromptGPCR can accurately predict active and inactive structures compared to baselines, suggesting its ability to provide structural hypotheses where state-resolved experimental structures are unavailable. Furthermore, PromptGPCR exhibits higher success rates in molecular docking than baselines, and this indicates that the predictions of PromptGPCR may have a certain degree of usability in downstream application scenarios involving specific GPCR conformational states."
"pubmed","42723231","10.1002/cbic.202500967","A Novel SXXLF Motif in the FXR N-Terminal Domain Mediates Coregulator and Interdomain Interactions.","Villalona, Priscilla; Pulahinge, Thilini; Yu, Tracy; Wenning, Jordan; Khan, Sabab Hasan; Frisbie, Crawford Joseph; Magafas, Jill; Barbe, Addison; Okafor, C Denise","Chembiochem : a European journal of chemical biology","2026-09-11","https://pubmed.ncbi.nlm.nih.gov/42723231/","The nuclear receptor (NR) superfamily is comprised of ligand-regulated transcription factors that contain an intrinsically disordered domain at the amino-terminal end, known as the N-terminal domain (NTD). While this poorly conserved domain is known to possess ligand-independent activation function (AF-1), few NTD functions are conserved between NRs. Identified roles in other receptors include androgen receptor (AR), estrogen receptor (ER), and mineralocorticoid receptor (MR). Here, we aim to define the function of the NTD of the farnesoid X receptor (FXR), a crucial regulator of lipid and bile acid metabolism. We show that the NTD engages in interdomain contact with other FXR domains. We also observe that the NTD interacts directly with coregulator proteins. Using mutagenesis, mammalian two-hybrid assays, mammalian one-hybrid assay, and molecular dynamics (MD) simulations, we identify and validate a novel SXXLF motif in the NTD which mediates interactions with both coregulators and the ligand binding domain. Mutation of the motif induces large changes in conformational and allosteric coupling in FXR. Our study identifies a new nuclear receptor-interacting motif that modulates the transcriptional activity of FXR."
"pubmed","42722693","10.1038/s41467-026-77556-3","Structural basis of active state coupling of metabotropic glutamate receptor 8 to beta-arrestins.","Marx, Dagan C; Huynh, Kevin; Gonzalez-Hernandez, Alberto J; Strauss, Alexa; Rico, Carlos; Gallo, Pamela N; Sharghi Moshtaghin, Sheida; Arefin, Anisul; Broichhagen, Johannes; Eliezer, David; Khelashvili, George; Levitz, Joshua","Nature communications","2026-09-11","https://pubmed.ncbi.nlm.nih.gov/42722693/","Metabotropic glutamate receptors (mGluRs) are prototypical, dimeric family C G protein-coupled receptors (GPCR) that perform crucial modulatory roles throughout the nervous system. While mGluR activation and signaling through G proteins has been studied extensively, how these receptors interact with and are desensitized by beta-arrestins (beta-arrs) is not well understood. Here, we use an integrative biophysical and structural approach to probe the coupling of mGluR8 and beta-arrs. Using negative stain electron microscopy (EM), we identify tail- and core-bound orientations and stoichiometries of mGluR8/beta-arr complexes. Cryo-EM structures of mGluR8 alone or bound to either G proteins or beta-arr1 reveal mGluR8 active states with transducer-specific differences. The mGluR8/beta-arr structure shows a distinct complex orientation compared to other GPCR/beta-arr structures which supports a steric mechanism of mGluR desensitization involving interactions with both subunits and the lipid bilayer. Coupling of mGluR8 to beta-arr1 in an active-like conformation is verified by live-cell and single molecule FRET analysis. Finally, molecular dynamics simulations further define the positioning and dynamics of mGluR8-bound beta-arr1 and the importance of critical mGluR8 residues for stabilizing beta-arr1 complexes. Together, our data provide a framework for agonist-driven family C GPCR/beta-arr coupling."
"pubmed","42722070","10.3168/jds.2026-29005","Consensus design and in silico screening of GH42 beta-galactosidase for enhanced catalytic hydrolysis of whey lactose.","Ding, Simeng; Li, Jiajia; Li, Jiahui; Nie, Huayu; Li, Yongxin; Guo, Zheng; Gao, Renjun","Journal of dairy science","2026-09-10","https://pubmed.ncbi.nlm.nih.gov/42722070/","This study addresses a major bottleneck in dairy waste management by engineering a highly efficient, thermophilic enzyme for lactose hydrolysis, transforming the cheese manufacturing by-product whey into a high-value resource. While traditional glycoside hydrolase family 2 (GH2) enzymes suffer from poor industrial thermostability, thermophilic GH42 alternatives lack the catalytic efficiency required for practical processing. To bridge this gap, a synergistic engineering strategy combining consensus sequence design and virtual binding energy screening was applied to Tn1577, a home-discovered GH42-galactosidase from Thermotoga naphthophila RUK10. Through homologous sequence analysis and iterative saturation mutagenesis, a superior triple mutant designated M10 (H271Q/V357G/Q340E) was successfully developed. Molecular dynamics (MD) simulations revealed that M10s performance is driven by 3 key structural alterations. First, a remodeled substrate tunnel accelerates lactose entry and product release while minimizing molecular congestion in the active cavity. Second, consensus mutations rigidify the catalytic pocket to preserve its geometry under thermal stress. Finally, a distal Q340E mutation rearranges local hydrogen bonding and forms a new anion-pi interaction, anchoring the protein backbone to stabilize the overall conformation via allosteric regulation. This engineered rigidity introduces a beneficial kinetic trade-off: it drastically accelerates catalytic turnover by intentionally weakening substrate affinity, preventing enzyme stagnation and ensuring continuous catalytic cycling. Consequently, mutant M10 achieves a remarkable 6.5-fold increase in lactose hydrolysis activity at 55 degrees C compared with the wild-type enzyme. Response surface methodology established ideal industrial parameters: 52.7 degrees C, pH 5.5, and an enzyme dosage of 2.9 U/mL. Under these conditions, M10 accomplishes near-complete lactose hydrolysis of raw whey within a brief 2-h window. Operating at a temperature below the thermal unfolding point of core whey proteins ( approximately 60 degrees C), this mild thermal regimen shortens processing times and prevents the thermal denaturation of other valuable whey components, demonstrating M10s immense potential for high-efficiency, stable lactose-free dairy processing."
"pubmed","42720943","10.1093/bioinformatics/btag667","Gradient-based Optimization for mRNA Sequence Design.","Li, Hongmin; Terai, Goro; Otagaki, Takumi; Asai, Kiyoshi","Bioinformatics (Oxford, England)","2026-09-10","https://pubmed.ncbi.nlm.nih.gov/42720943/","MOTIVATION: Designing mRNA coding sequences that simultaneously optimize RNA accessibility in the translation initiation region and codon adaptation while preserving the encoded protein requires navigating a vast discrete combinatorial space. The inherently discrete nature of codon choices prevents direct application of gradient-based optimization, despite the availability of accurate deep learning predictors such as DeepRaccess for RNA accessibility prediction. RESULTS: We present the Input Data Differentiable Designer (ID3), a unified framework for mRNA codon optimization. ID3 treats trained models as fixed differentiable functions and optimizes input data through continuous probability distributions while preserving the encoded amino acid sequence through three constraint mechanisms. The framework shows strong performance in both accessibility optimization and joint accessibility-CAI optimization across diverse protein targets. We also provide convergence analyses from the perspective of trained model input optimization. AVAILABILITY AND IMPLEMENTATION: Code, datasets, and reproduction scripts are available at https://github.com/Li-Hongmin/ID3.git and archived on Zenodo (DOI: 10.5281/zenodo.18917770)."
"pubmed","42720486","10.1021/acs.jmedchem.6c01926","HighMorph: De Novo Cyclic Peptide Sequence Design via Protein-Protein Interaction Recapitulation.","Lan, Minhui; Zhang, Chengyun; Wang, Wentong; Hu, Haomeng; Lin, Huitian; Cao, Sen; Guo, Jingjing; Duan, Hongliang","Journal of medicinal chemistry","2026-09-10","https://pubmed.ncbi.nlm.nih.gov/42720486/","Cyclic peptides have emerged as a compelling class of bioactive scaffolds, but de novo design of target-binding cyclic peptides from protein structures remains challenging. Here, we present HighMorph, an interaction-guided framework that combines protein-protein interaction information with artificial intelligence for rational cyclic peptide design. HighMorph integrates Monte Carlo tree search with a Transformer-based policy-value network to efficiently explore cyclic peptide sequence space, while incorporating explicit atomic-level hydrogen bond constraints extracted from reference protein-protein complexes to guide sequence optimization. The framework is systematically validated on two clinically relevant targets, programmed death-ligand 1 (PD-L1) and kallikrein-related peptidase 4 (KLK4). Notably, 33.3% and 40% of the generated candidates are active against PD-L1 and KLK4, respectively, with active cyclic peptides exhibiting micromolar binding affinities (approximately 10-6 M). These results validate our approach for cyclic peptide design. Additionally, interaction analysis provides insights for developing therapeutics targeting challenging protein interfaces."
"pubmed","42719814","10.1093/bioadv/vbag223","Benchmarking antibody modeling tools across structure prediction, docking, and paratope-epitope interface analysis.","Yu, Zeyuan; Wu, Jilei; Ning, Ziyao; Qiao, Chunxia; Wang, Jing; Li, Xinying; Liu, Chenghua; Chen, Guojiang; Feng, Jiannan; Yu, Jijun","Bioinformatics advances","2026-09-10","https://pubmed.ncbi.nlm.nih.gov/42719814/","MOTIVATION: Computational antibody engineering requires reliable prediction of antibody variable-fragment structures, antigen-antibody complexes, and binding interfaces. However, publicly available tools for these tasks have rarely been compared across the complete workflow under a controlled and statistically grounded design. RESULTS: We evaluated ImmuneBuilder, IgFold, AlphaFold3, GRAMM, and dyMEAN on 50 non-redundant humanized antibody-antigen complexes using multiple retained predictions and paired statistical testing. All three antibody structure predictors were accurate, with AlphaFold3 performing best overall and for the third complementarity-determining region of the heavy chain. AlphaFold3 also substantially outperformed GRAMM and dyMEAN in complex prediction, producing medium- or high-quality binding interfaces for 46% of the complexes, although overall interface accuracy remained limited. When docking was reliable, AlphaFold3 accurately recovered epitope and paratope residues, salt bridges, and non-bonded contacts, but reproduced hydrogen bonds and fine-grained contact strengths less consistently. These findings provide practical guidance for selecting tools across antibody-modeling workflows and identify persistent limitations in fine-grained interface prediction. AVAILABILITY AND IMPLEMENTATION: Data, structural predictions, evaluation results, and analysis code are available from Zenodo under record 20710876."
"pubmed","42718683","10.3389/fdgth.2026.1845955","Deep DNA and protein level feature integration for robust clinical variant interpretation using probabilistic gradient boosting.","Karthik, V; Prejesh, S; Kudale, Sumedh Deepak; OmKumar, Chandra Umakanthan","Frontiers in digital health","2026-09-10","https://pubmed.ncbi.nlm.nih.gov/42718683/","A major challenge in clinical genomics is to classify genetic variations correctly, since it directly affects disease diagnosis and personal care. The existing methods tend to be based on the combination of different factors, such as protein structure, population frequencies, phenotypic annotations, and sequence conservation. Nevertheless, these methods often cannot be used to achieve the necessary interpretability, quantify uncertainty, and address rare cases. This paper presents a probabilistic gradient boosting model on variant pathogenicity prediction. The suggested framework applies biological characteristics at both level of DNA and protein levels while also scaling the level of uncertainty in clinical decision making. Our machine learning aims to solve the issues of variant interpretation by managing the features and through probability-based pathogenicity prediction. The framework formulation is aimed at generalizing over various datasets and minimizing overfitting. At the same time, it can ensure reasonable performance to facilitate clinical experiments. The model has also been tested on three standard datasets and demonstrated to be more predictive of the pathogenic effect of variants, in comparison with a variety of existing tools. The probabilistic gradient boosting model proposed had ROC AUC values of 0.9293, 0.9610, and 0.9646 on ClinVar variants, GRCh37, and GRCh38 human genome respectively. Furthermore, the dataset was ensured to include both exonic and intronic variants, and Variants of Uncertain Significance were also taken into consideration for Performance Testing. Through this it also aims to provide better clinical significance which will lead to a good interpretable tool for priority of variants for a large variety of disease conditions."
"pubmed","42717734","10.1017/S0007485326101308","Molecular characterization of vitellogenin and its receptor with CRISPR-based sgRNA validation in the legume pod borer, Maruca vitrata (Geyer) (Lepidoptera: Crambidae).","Pradeep, Chalapathi; Sujatha, Parvathy Madhusoodanan; Nagesha, Somakalahalli Narasimhappa; Asokan, Ramasamy; Karuppannasamy, Ashok","Bulletin of entomological research","2026-09-10","https://pubmed.ncbi.nlm.nih.gov/42717734/","Maruca vitrata, the legume pod borer, causes yield losses of up to 80% in grain legumes. Increasing insecticide resistance and environmental concerns necessitate sustainable pest management alternatives. In the present study, the complete vitellogenin (Vg) coding sequence (CDS), a key reproductive gene involved in oogenesis and embryonic development, was cloned and molecularly characterised from M. vitrata. The assembled Vg CDS ( approximately 5.3 kb) shared 99.04% sequence identity with the reported M. vitrata Vg sequence (MG799570.1). Phylogenetic analysis demonstrated close evolutionary association with related Lepidopteran species, while protein domain analysis identified three conserved domains, namely LPD_N, DUF1943, and VWD. Among these, the single exon-encoded LPD_N domain was selected as the target region for CRISPR/Cas9-mediated editing. Homology models of Vg and vitellogenin receptor (VgR) (Global Model Quality Estimation (GMQE): 0.58 and 0.51) showed a favourable interaction by protein-protein docking (score: -295.66). Three single-guide RNAs (sgRNAs) were designed, synthesised through in-vitro transcription, and evaluated using in vitro cleavage assays. sgRNA1 targeting the LPD_N domain and sgRNA2 targeting the signal peptide region exhibited efficient site-specific cleavage activity, whereas sgRNA3 failed to induce cleavage because of an unfavourable secondary structure that likely impaired Cas9-sgRNA complex formation. Overall, this study provides the first CRISPR-oriented functional characterisation and sgRNA validation of the M. vitrata Vg gene, together with structural characterisation of VgR and Vg-VgR interaction analysis, providing preliminary molecular resources for future CRISPR/Cas9 studies and supporting future embryo microinjection and heritable genome editing for sustainable management of M. vitrata."
"pubmed","42717085","10.1038/s41586-026-11025-1","Breaking timescales with generative sampling of conformational transitions.","Tang, Chenyu; Pandey, Mayank Prakash; Chen, Cheng Giuseppe; Megias, Alberto; Dehez, Francois; Chipot, Christophe","Nature","2026-09-10","https://pubmed.ncbi.nlm.nih.gov/42717085/","Molecular transitions, including protein folding, allostery and membrane transport, are central to biological functions, yet remain notoriously difficult to simulate. Their intrinsic rarity places them beyond the reach of standard molecular dynamics, whereas enhanced-sampling strategies are computationally demanding and often depend on arbitrarily chosen parameters and variables that bias outcomes(1-3). Here we introduce Gen-COMPAS, a generative committor-guided path-sampling framework that reconstructs transition pathways without predefined collective variables and at acceptable computational cost. Gen-COMPAS couples a denoising diffusion probabilistic model, which produces structurally plausible intermediate targets, with committor-based filtering to identify transition states(4,5). Short unbiased simulations from these intermediates yield transition-region ensembles at nanosecond-to-submicrosecond aggregate sampling scales for which conventional approaches require orders of magnitude more sampling. Applied to systems ranging from a miniprotein to a pentameric, ligand-gated ion channel, Gen-COMPAS recovers committors, transition states and free-energy landscapes from known end-point structures alone, without predefined reaction coordinates or prior mechanistic knowledge, thereby providing a computationally tractable route to mechanistic insight in biomolecular systems that have so far resisted conventional simulation approaches."
"pubmed","42716964","10.1038/s41551-026-01790-9","Sequence and structural determinants of efficacious de novo chimaeric antigen receptors.","Chow, Arthur; Chu, Hoyin; Li, Ruofan; Nalbant, Benan N; Dozic, Abdul Vehab; Kida, Laura C; Tang, Zeyu; Palmeri, Joseph R; Lareau, Caleb A","Nature biomedical engineering","2026-09-10","https://pubmed.ncbi.nlm.nih.gov/42716964/","Advances in generative protein design using artificial intelligence (AI) have enabled the rapid development of binders against heterogeneous targets, including tumour-associated antigens. Despite extensive biochemical characterization, these novel protein binders have had limited evaluation in candidate therapeutics, including chimaeric antigen receptor (CAR) T cells. Here we synthesize generative protein design workflows to screen 1,758 newly designed protein binders targeting BCMA, CD19 and CD22 for efficacy in scalable protein-binding, T-cell activation and in vivo killing assays. We characterize three main challenges that hinder the utility of de novo protein binders as CARs, including tonic signalling, occluded epitope engagement and off-target activity. We develop computational and experimental heuristics to overcome these limitations, including screens of sequence variants of individual parental structures, that retain on-target CAR activation while mitigating liabilities. Together, our framework accelerates the development of AI-designed proteins for future preclinical therapeutic screening, helping enable a new generation of cellular therapies."
"pubmed","42716354","10.1016/j.biotechadv.2026.109039","Deep generative models in biological sequence and structure analysis and design.","Palizban, Fahimeh; Sarbishegi, Mohammadmahdi; Qu, Huiqi; Saeidian, Amir Hossein; Mehrmohamadi, Mahya; Glessner, Joseph; Hakonarson, Hakon","Biotechnology advances","2026-09-09","https://pubmed.ncbi.nlm.nih.gov/42716354/","Deep generative models have transformed biological sequence modeling from predictive analysis toward increasingly controllable design. Early biological applications of Variational Autoencoders (VAEs) and Generative Adversarial Networks (GANs) established latent representation learning and sequence synthesis, while recent advances in transformer-based language models, discrete diffusion, flow-matching, and multimodal generative frameworks have substantially expanded the scope of biological design. This review examines generative models for DNA, RNA, and protein sequence design, emphasizing how different model classes represent biological constraints, operate over discrete and continuous spaces, and integrate sequence, structure, and function. We compare VAEs, GANs, autoregressive and masked language models, diffusion models, and flow-based approaches across genomics, transcriptomics, and proteomics, with particular attention to controllability, long-range dependency modeling, structural grounding, generalization, and experimental utility. We further examine evaluation strategies, out-of-distribution generalization, and closed-loop design-build-test-learn workflows that connect in silico generation with empirical validation. We distinguish fundamental modality-dependent constraints including sequence discreteness, context length, structural coupling, and physical or thermodynamic requirements from architecture-dependent advantages that reflect the current state of the field. Current studies suggest that long-context models are particularly useful for genome-scale representation and sequence modeling, whereas structure-aware diffusion, flow-based, and inverse-folding approaches provide better frameworks for geometry-constrained RNA and protein design. This perspective provides a critical framework for understanding the present capabilities, limitations, and convergence of generative approaches toward reliable and experimentally grounded biological design."
"pubmed","42716166","10.1016/j.ijbiomac.2026.154387","Balanced regulation of UvsX activity and thermostability based on active learning.","Li, Lingsong; Zhang, Lin; Li, Dongxiao; Zhang, Jiaxing; You, Shengping; Su, Rongxin; Qi, Wei","International journal of biological macromolecules","2026-09-09","https://pubmed.ncbi.nlm.nih.gov/42716166/","Recombinase polymerase amplification (RPA) enables isothermal nucleic acid detection. However, the key enzyme UvsX of RPA exhibits suboptimal efficiency at low-temperature conditions and low template concentration. Here, we employed a directed engineering strategy combining energy-based screening and protein language models (PLMs). Through semi rational design and iterative optimization with EVOLVEpro, we obtained a triple mutant, TIG (S233T/A311I/A341G), which achieved 1.89-fold RPA relative activity of the wild-type (WT) at a template concentration of 1 x 10(5) copies reaction(-1), and showed higher amplification activity to WT across 37.5-44.3  degrees C at a template concentration of 1 x 10(4) copies reaction(-1). Molecular dynamics simulations revealed that TIG enhances residue flexibility and remodels the ATP-binding pocket, thereby improving DNA-binding pathway connectivity and strengthening the coupling between ATP hydrolysis and DNA strand exchange. Per-residue energy decomposition and protein structure network analyses further elucidate how key mutations modulate DNA-binding pathways. Finally, under optimized expression conditions (20  degrees C, 12 h, 0.1 mM IPTG), the yield reached 206.87 +/- 3.56 mg L(-1) of TIG. Collectively, this study provides a strategy for UvsX engineering and establishes a foundation for the development of more robust RPA assays."
"pubmed","42715978","10.1021/acs.jafc.6c07558","Xanthine Oxidase Inhibitory Peptides from Sesame 11S Globulin Target the FAD Domain: Kinetics, Molecular Dynamics, and Validation in a Zebrafish Hyperuricemia Model.","Li, Mei-Ling; Huang, Shang-Ming; Lin, Yu-Shun; Wu, Pei-Yu; Chen, Yu-Hsuan; Chuang, Yi-Jing; Yang, Jiann-Jou; Hsu, Kuo-Chiang","Journal of agricultural and food chemistry","2026-09-09","https://pubmed.ncbi.nlm.nih.gov/42715978/","Food-derived bioactive peptides are promising alternatives to conventional xanthine oxidase (XO) inhibitors, yet individual XO inhibitory peptides from sesame protein remain uncharacterized. Here, sesame and peanut protein isolates were screened with four proteases; the trypsin hydrolyzate of sesame (TSH, 120 min) showed the highest XO inhibition (47.16%). Eight 11S globulin peptides were identified by nanoUHPLC-ESI-Q-TOF MS/MS. QGDIVAIPSGAAHW (IC50 = 467.2 muM) and AFYLAGGVPR (IC50 = 536.1 muM) exhibited mixed-type inhibition (alpha > 1). Molecular docking against two XO crystal structures (3NVY, 3NRZ) consistently favored the FAD domain, and 500 ns molecular dynamics simulations with MM-GBSA analysis provided convergent support (DeltaG = -160 to -317 kJ mol-1). In a zebrafish hyperuricemia model, TSH reduced uric acid and XO activity while upregulating purine salvage (hprt1) and urate transport (oat1) genes. These findings support sesame-derived peptides as functional food candidates with preferential association with the XO FAD domain."
"pubmed","42715964","10.1021/acs.jafc.6c09645","Hydrophobic Microenvironment Engineering Enhances Proton Transfer and Hydrolytic Activity of Zearalenone Lactonases.","Ouyang, Binbin; Huang, Zhaolin; Song, Chenshuo; Yin, Dejing; Ni, Dawei; Zhang, Wenli; Rao, Yijian; Xu, Wei; Mu, Wanmeng","Journal of agricultural and food chemistry","2026-09-09","https://pubmed.ncbi.nlm.nih.gov/42715964/","Zearalenone (ZEN) lactonases are promising biocatalysts for ZEN detoxification, yet the catalytic mechanism underlying ZEN hydrolysis remains poorly understood. Here, we combined structural analysis, quantum-mechanical (QM) calculations, and molecular dynamics (MD) simulations to elucidate the catalytic mechanism and guide enzyme engineering. QM and MD analyses identified a near-attack conformation of the catalytic His245 as essential for proton transfer. Crystal structure analysis revealed that mutations within the active pocket enhanced the local hydrophobic microenvironment, thereby optimizing the reactive conformation through an improved substrate positioning and catalytic residue alignment. Engineering the hydrophobic microenvironment significantly enhanced the activity of ZENM toward multiple substrates. Transfer of the engineered region to another ZEN lactonase, ZHD101, also significantly improved the hydrolytic activity, supporting the potential general applicability of this strategy. Hydrophobic microenvironment engineering might represent a promising strategy for modulating proton transfer and provide a potential framework for improving the activity of ZEN lactonases for food and feed detoxification."
"pubmed","42715962","10.1021/acs.jafc.6c05159","Structural Characterization and Engineering of a GH134 beta-Mannanase from Aspergillus nidulans for Enhancement of Activity and Stability.","Chen, Sheng-Chia; Kuo, Po-Chih; Chen, Wen-Ming; Sheu, Shih-Yi; Huang, Yu-Bin; Huang, Cheng-Yang; Chien, I-Weh; Lee, Tzong-Huei; Hsu, Chun-Hua","Journal of agricultural and food chemistry","2026-09-09","https://pubmed.ncbi.nlm.nih.gov/42715962/","Mannans are abundant plant hemicelluloses, and endo-beta-mannanases are important biocatalysts for their conversion into functional manno-oligosaccharides. Here, we report the structural and functional characterization of a glycoside hydrolase family 134 beta-mannanase from Aspergillus nidulans (AnGH134) and a structure-guided engineering strategy to improve its performance on locust bean gum. The 1.75 A crystal structure reveals the conserved lysozyme-like fold of GH134 enzymes and supports an inverting catalytic mechanism with Glu43 and Asp55 as the putative catalytic residues. Docking, mutational, and molecular dynamics analyses indicate that AnGH134 uses an extended substrate-binding groove and that groove-exit residues and the C-terminal region contribute to productive catalysis. Guided by these findings, N-terminal fusion of CBM10 enhanced catalytic efficiency and thermal stability, whereas C-terminal fusion was detrimental. These results provide a framework for engineering GH134 mannanases."
"pubmed","42715075","10.1073/pnas.2605103123","Gating crosstalk in potassium channels.","Hu, Lyubin; de Groot, Bert L; Gu, Ruo-Xu","Proceedings of the National Academy of Sciences of the United States of America","2026-09-09","https://pubmed.ncbi.nlm.nih.gov/42715075/","Ion permeation through potassium channels is regulated by multiple gates. In particular, conformational changes in the central cavity (the activation gate) can propagate to the selectivity filter (an inactivation gate), resulting in altered filter structure and suppression of ion permeation. Despite extensive studies, the detailed mechanism underlying the allosteric coupling between these two gating elements is not entirely understood. In this work, we investigate this question using extensive molecular dynamics (MD) simulations of multiple channels. We show that opening and closing of the central cavity simultaneously modulate cavity hydration level and the width of the selectivity filter entrance. Both structural features influence ion permeation rate. Cavity hydration reshapes the free energy of K(+) entry into the cavity. Crucially, the filter entrance size regulates ion occupancy at the selectivity filter, with maximal permeation occurring at an optimal size. Coupling between the filter entrance size and opening and closing of the central cavity is mediated by a hydrophobic residue on the inner transmembrane helix. Experimental structures from the Protein Data Bank also reveal state-dependent differences in the filter entrance size, thus establishing a direct link between experimental observations and our simulations. In summary, our results support a gating crosstalk model in which cavity hydration and the filter entrance size are coordinated to regulate ion permeation. This mechanism was consistently observed across six channels spanning several subfamilies, including MthK, cBK, TREK-2, KcsA, Kv4.2, and aBK, and may extend to other members of the K(+) channel family."
"pubmed","42714666","10.1007/s00894-026-06923-0","Molecular modeling design of antitrypanosomal pyrazolone derivatives targeting Chagas disease: QSAR, docking, molecular dynamics and free energy calculations.","Sousa, Karen Karla F; Barbosa, Ana Beatriz S; Cardoso, Fabio Jose B; Silva, Jose Rogerio A; Molfetta, Fabio A","Journal of molecular modeling","2026-09-09","https://pubmed.ncbi.nlm.nih.gov/42714666/","CONTEXT: Chagas disease, caused by T. cruzi, remains a neglected tropical disease with limited therapeutic options, underscoring the urgent need for novel antitrypanosomal agents. A computer-aided drug design (CADD) protocol was applied to investigate pyrazolone derivatives with reported antitrypanosomal activity and their putative interaction with cruzain (Cz), a cysteine protease essential for parasite survival. A 2D-QSAR model built from a curated set of 33 phenyl-dihydropyrazolone derivatives guided the design of four new candidates (LMM1-LMM4), which showed intermediate predicted antitrypanosomal activity within the chemical space of the original pyrazolone series. Molecular docking identified favorable binding within the Cz active site, with contacts at residues Ser61, Gly66, and Leu67. MD simulations indicated overall structural stability of the protein-ligand complexes and revealed ligand-dependent conformational behavior within the Cz binding site. MM/GBSA calculations suggested that van der Waals interactions are major contributors to the computed binding energies; however, the MM/GBSA ranking did not fully reproduce the phenotypic antitrypanosomal activity trend. Per-residue decomposition and free energy landscape analyses were therefore interpreted qualitatively, suggesting that contacts with S2/S3 subsite residues and conformational adaptability may contribute to Cz recognition but do not, alone, explain whole-cell potency. These findings support pyrazolones as antitrypanosomal scaffolds and provide structural hypotheses for future experimental validation against Cz. METHODS: Molecular geometries were optimized at the PM6 level (MOPAC2016); descriptors were calculated with ChemDes and UseGalaxy, selected via OPS and a genetic algorithm (QSARINS), and the QSAR model was built using PLS regression (QSAR modeling software). Molecular docking was performed with GOLD, FITTED, and AutoDock Vina 1.2.3 against Cz (PDB: 3KKU). ADMET properties were predicted using OSIRIS Property Explorer, SwissADME, and ADMET-AI. Partial atomic charges were derived at the HF/6-31G* level with RESP fitting (Gaussian 09); MD simulations (3 x 250 ns per system) were run with AMBER20 using GAFF/ff14SB force fields and TIP3P solvent. Binding free energies were calculated by MM/GBSA (MMPBSA.py)."
"pubmed","42711946","10.1002/prot.70163","Supervised Protein Structure Classification Using Topological Persistence With DeltaFold.","Nardin-Gennequin, Joseph; Ciuperca, Gabriela; Brochier-Armanet, Celine; Malbos, Philippe","Proteins","2026-09-09","https://pubmed.ncbi.nlm.nih.gov/42711946/","Recent advances in protein structure prediction have considerably increased the number of available structures, underscoring the need for scalable and accurate methods to compare and classify this huge amount of data. Current approaches based on sequence alignment or structural superposition often lack sensitivity and/or are computationally expensive. Here, we introduce the DeltaFold Classifier (DFC), a fast, alignment-free, protein structure classification pipeline based on topological data analysis. Protein three-dimensional structures are encoded using fixed-length vectors derived from persistent homology applied to point clouds of their spatial representation. These vectors, known as Biotopological Markers (BTMs), capture the intrinsic topological features of protein structure geometry-such as cycles and cavities-across multiple spatial scales. BTMs are invariant under translations and rotations, thereby avoiding the need for structural superposition. The DFC pipeline uses the features of these BTMs to train machine learning models for protein structure classification at various hierarchical levels defined in the SCOP and CATH classifications. It achieves performance comparable to that of structure-based comparison methods while substantially improving computational efficiency. It also outperforms sequence-based methods in tasks involving distant homology detection. In-depth analyses confirm that most BTM features contribute significantly to classification performance. These findings highlight the potential of topological vectorisations in structural bioinformatics and support the DFC pipeline as an effective and scalable tool for automated protein structure classification and annotation."
"pubmed","42711316","10.1038/s41467-026-76361-2","ESMDynamic: Fast and accurate prediction of protein dynamic contact maps from single sequences.","Kleiman, Diego E; Feng, Jiangyan; Xue, Zhengyuan; Shukla, Diwakar","Nature communications","2026-09-09","https://pubmed.ncbi.nlm.nih.gov/42711316/","Understanding conformational dynamics is essential for elucidating protein function, yet most deep learning models in structural biology predict only static structures. Here, we present ESMDynamic, a deep learning model that predicts residue-residue contact dynamics directly from protein sequence. Built on the ESMFold architecture and trained on conformational variability from experimental structure ensembles and molecular dynamics (MD) simulations, ESMDynamic predicts dynamic contact probabilities, contact occupancy fraction, and coarse-grained kinetics of contact formation and dissociation across multiple temperature conditions. On large-scale MD benchmarks (mdCATH and ATLAS), ESMDynamic matches or outperforms state-of-the-art ensemble prediction methods (AlphaFlow, ESMFlow, BioEmu) while requiring orders-of-magnitude less computation. We demonstrate generalization to diverse systems, including membrane transporters, a de novo designed protein, and a homodimer complex. We show that predicted dynamic contacts enable automated selection of collective variables for Markov state model construction. Applied to the human proteome, ESMDynamic generates predictions for over 18,000 proteins, enabling large-scale analysis of conformational variability. Overall, ESMDynamic provides a scalable, sequence-based representation of protein dynamics to inform simulation, analysis, and design workflows."
"pubmed","42711129","10.3760/cma.j.cn511374-20250402-00197","[Genetic analysis of a male with Multiple morphological abnormalities of sperm flagella combined with sperm head abnormalities due to compound heterozygous variants of DNAH1 gene and a literature review].","Liu, Yingwen; Yan, Lulu; Li, Haibo; Chen, Changshui; Wang, Yongjun","Zhonghua yi xue yi chuan xue za zhi = Zhonghua yixue yichuanxue zazhi = Chinese journal of medical genetics","2026-09-08","https://pubmed.ncbi.nlm.nih.gov/42711129/","OBJECTIVE: To explore the clinical phenotype and genetic etiology of a male with Multiple morphological abnormalities of sperm flagella (MMAF) combined with sperm head abnormalities due to compound heterozygous variants of DNAH1 gene, with an aim to provide guidance for assisted reproductive technology in his family. METHODS: A man with MMAF combined with sperm head abnormalities who visited Women and Children's Hospital of Ningbo University in October 2024 was selected as study subject. Clinical data of the patient's family were retrospectively collected. Peripheral blood samples were collected from the patient and his spouse, and G-banding karyotyping and whole exome sequencing (WES) were carried out. Candidate variants were validated by Sanger sequencing. Conservation of the DNAH1 protein was queried on the UCSC website. The difference between wild type and variant DNAH1 proteins were analyzed using AlphaFold v3.0.1 and PyMOL v2.5.6. The pathogenicity of variant was rated based on the guidelines from American College of Medical Genetics and Genomics (ACMG). Previous literature was searched using keywords ""DNAH1 gene"" and ""multiple morphological abnormalities of the sperm flagella"" on CNKI, Wanfang Data Knowledge Service Platform, and PubMed database to identify cases of MMAF attributed to biallelic DNAH1 gene variants. The retrieval period was set from the establishment of the databases to December 31, 2025. The genotypes and clinical phenotypes of patients with biallelic DNAH1 mutations were analyzed. This study was approved by the Medical Ethics Committee of the hospital (Ethics No.: EC2023-094). RESULTS: The 30-year-old patient and his 30-year-old wife had infertility for 2 years. Semen analysis revealed no motile sperm and a 99.0% abnormal morphology rate. Typical MMAF was observed with phase-contrast microscopy. Sperm morphology analysis revealed abnormalities of the head, neck, and tail with an approximate ratio of 9:5:1. The patient's karyotype was 46,XY, and his wife's karyotype was 45,X[4]/47,XXX[1]/46,XX[84]. WES and Sanger sequencing revealed that the patient harbored compound heterozygous variants of the DNAH1 gene, namely c.1435_1444+3del and c.12204_12206del (p.Asn4069del), but their origin remained unidentified. UCSC genome browser query results showed that the amino acid residue at position 4 069 of the DNAH1 protein is highly conserved across various species. Protein structure prediction reveals that, in the wild-type DNAH1 protein, the Asparagine at position 4 069 (Asn4069) can form hydrogen bonds with the Leucine on the main chain at position 4 086 (Leu4086) and the Serine on the side chain at position 4 087 (Ser4087). The c.12204_12206del variant, resulting in deletion of Asn4069, disrupts these hydrogen bonds and does not generate any compensatory interactions. Based on the ACMG guidelines, the c.1435_1444+3del variant was predicted to be likely pathogenic (PM2_Supporting+PVS1), and the c.12204_12206del(p.Asn4069del) variant was rated as likely pathogenic (PM2_Supporting+PM4+PM3+PP4). The couple had elected for in vitro fertilization using donor sperm. During this cycle, 12 oocytes were retrieved, 10 oocytes were successfully fertilized, 1 embryo and 6 blastocysts were obtained. Following the first transfer of a frozen-thawed blastocyst, implantation of an empty gestational sac occurred, which led to a miscarriage. After the second transfer of a high-quality blastocyst, the embryo split into twins following implantation, and the spouse had selected fetal reduction. The gestational age was 33(+3) weeks on June 1, 2026. Literature review identified three studies reporting biallelic mutations of the DNAH1 gene in association with MMAF combined with sperm head abnormalities. Together with the patient from this study, a total of 20 patients were included in the analysis. The rate of sperm flagellar abnormalities in these patients was above 80.0%, while the rate of sperm head abnormalities has ranged from 12.0% to 100.0%. In four patients, the genetic basis was unknown. In the remaining 16 patients, 35 mutations were detected, with c.8626-1G>A being the most common (22.9%, 8/35). CONCLUSION: This patient showed MMAF with frequent sperm head defects. Compound heterozygous variants of the DNAH1 gene probably underlay these abnormalities, which in turn has led to his primary infertility. This study revealed the phenotypic variability of MMAF and broadened the mutational spectrum of the DNAH1 gene."
"pubmed","42710629","10.1016/j.virusres.2026.199796","Deep learning-based structural prediction (AlphaFold 3) of shrimp IMNV RdRp and identification of seaweed-derived metabolites for antiviral intervention in aquaculture.","Rahman, Mostafizur; Ali, Md Ahad; Samara, Tahosin Tasneem; Saha, Monish; Kundu, Pritom; Sarker, Hriddhi; Dutta, Ankita; Kumar, Neeraj","Virus research","2026-09-08","https://pubmed.ncbi.nlm.nih.gov/42710629/","Infectious Myonecrosis Virus (IMNV) remains a major global threat to shrimp aquaculture, causing severe economic losses due to the lack of approved antiviral therapeutics. In this study, an advanced in silico approach was employed, utilizing a deep learning-based prediction of AlphaFold 3 protein structures and large-scale virtual screening of seaweed-derived metabolites to identify potential inhibitors targeting RNA-dependent RNA polymerase (RdRp). To identify potential seaweed-derived candidate compounds against IMNV, a total of 1,077 compounds were screened against the RdRp_M01 protein. The docking results suggest the top-ranked three bioactive compounds, such as GA002 (-13.0 kcal/mol), RC003 (-10.9 kcal/mol), and BE012 (-10.8 kcal/mol), based on their highest binding energy score and molecular interactions, for further analysis. The 200 ns molecular dynamics simulations showed that the selected complexes exhibited stable behavior throughout the simulation time, with relatively low standard deviation values. Post-simulation MMGBSA analysis revealed total binding free energies (DeltaG_total) of -24.726, -26.722, and -34.850 kcal/mol for RdRp_M01_GA002, RdRp_M01_RC003, and RdRp_M01_BE012, respectively, indicating favorable binding affinity and stable protein-ligand interactions. The drug-likeness and physicochemical profiles of the selected compounds were acceptable, supporting their further investigation. Therefore, further validation through in vitro and in vivo studies is necessary to confirm their applicability in shrimp systems and to explore the potential of seaweed metabolites as candidate compounds targeting the IMNV RdRp and alternatives to synthetic drugs."
"pubmed","42710143","10.1016/j.compbiolchem.2026.109390","Computational design of siRNAs targeting SIRT7 in gynaecological cancers with cell-penetrating peptide-based delivery assessment.","Verma, Samridhi; Choudhary, Neha","Computational biology and chemistry","2026-09-08","https://pubmed.ncbi.nlm.nih.gov/42710143/","SIRT7 is a multifunctional epigenetic regulator and is significantly overexpressed in three major gynaecological cancers i.e., ovarian, cervical, and endometrial cancers, contributing to the proliferation and progression of tumors. This study focused on computationally designing and evaluating small interfering RNAs (siRNAs) as promising therapeutic candidates targeting SIRT7. In silico expression analysis has confirmed overexpression of SIRT7 in tumor tissues as compared to normal samples. siRNAs (S1-S6) were designed using siDirect and OligoWalk, which were screened for specificity using BLASTn. GC content and secondary structure prediction were done using OligoCalc and MaxExpect which eliminated four siRNA candidates (S2-S5) due to unfavourable internal loops and hairpin structures. Candidate siRNAs and mRNA thermodynamic stability were predicted using DuplexFold webserver. Molecular docking and simulation studies revealed interactions of siRNA candidates with human Argonaute 2 (Ago2) protein, maintaining strong post-simulation hydrogen bonds and salt bridges. Both S1 and S6 showed stable interactions with key domains (MID, PAZ and PIWI) of Ago2 protein, suggesting favourable structural compatibility with RNA induced silencing complex (RISC). S1 and S6 emerge as promising siRNA candidates for targeting SIRT7. Virtual screening with cationic cell penetrating peptides (CPPs) demonstrated stable CPP-siRNA complexes, suggesting suitability of RVG-9DR and H8R15 as potential delivery agents of S1 and S6. Overall, this study provides a comprehensive computational framework for designing and evaluating siRNAs targeting SIRT7, although further experimental studies are required to validate their therapeutic potential."
"pubmed","42708699","10.1021/acs.jctc.6c00914","From Enhanced Sampling to Human-Readable Representations of Protein Dynamics.","Mondal, Souvik; Sauer, Michael A; Heyden, Matthias","Journal of chemical theory and computation","2026-09-08","https://pubmed.ncbi.nlm.nih.gov/42708699/","Understanding protein conformational dynamics is essential for elucidating biological function but remains challenging due to the wide range of time scales and the complexity of collective motions. Enhanced sampling methods overcome time scale limitations of conventional molecular dynamics, yet their effectiveness depends on the choice of collective variables (CVs), which are often difficult to define and may lack physical interpretability. In particular, collective variables derived from machine learning or collective vibrational modes can efficiently capture slow dynamics but are not easily mapped onto intuitive structural descriptors. Here, we present a fully automated framework that transforms enhanced sampling trajectories into human-readable representations of protein dynamics. Our approach combines enhanced sampling along CVs derived from frequency-selective anharmonic mode analysis with a post hoc analysis of biased trajectories using weighted dynamic cross-correlation matrices. From these, we identify residue pairs and domains exhibiting correlated and anticorrelated motions, yielding simple domain-domain distances that serve as physically interpretable CVs. We apply this method to five proteins, including KRAS and HIV-1 protease, and show that it consistently identifies biologically relevant domains and motions without prior system-specific knowledge. Projection onto these distances produces free energy surfaces that reproduce known conformational states with low statistical uncertainty while maximizing independent dynamical information. This workflow enables systematic recasting of complex CVs into simple geometric descriptors without loss of essential dynamics. Its generality and automation make it broadly applicable for interpreting enhanced sampling simulations and generating interpretable conformational ensembles for integration with emerging machine learning approaches."
"pubmed","42707374","10.1007/s40203-026-00727-z","Computational prediction of flavonoid inhibitors targeting the infectious bronchitis virus spike protein through integrated virtual screening and molecular dynamics.","Gul, Irfan; Bashir, Sadaf; Aman, Muttahir; Hassan, Amreena; Rather, Muzamil Ahmad; Sofi, Ubaid; Chikan, Naveed Anjum; Shabir, Nadeem","In silico pharmacology","2026-09-08","https://pubmed.ncbi.nlm.nih.gov/42707374/","Infectious bronchitis virus (IBV) remains a major threat to the poultry industry owing to its high transmissibility and the continuous emergence of antigenically diverse variants that compromise vaccine efficacy. The viral spike protein, which mediates host cell attachment and membrane fusion, represents an attractive target for antiviral intervention. In this study, a structure-based computational approach was employed to identify phytochemical inhibitors targeting the IBV spike protein. A curated library (PCLibVer2) comprising 2,400 phytochemicals derived from poultry-safe botanicals was subjected to hierarchical virtual screening using Glide against two receptor-binding domain-associated binding pockets. The three top-ranked lead phytochemicals were evaluated by three independent 100 ns molecular dynamics simulations, followed by trajectory-based Prime MM-GBSA binding free energy calculations and principal component analysis. All three phytochemicals exhibited favourable docking scores and stable protein-ligand interactions throughout the simulations. Molecular dynamics analyses demonstrated stable structural behaviour, persistent hydrogen-bond interactions, and reduced conformational sampling relative to the apo protein. MM-GBSA analysis predicted favourable binding free energies for all complexes, with Rutin exhibiting the strongest binding affinity at both binding pockets (- 50.07 +/- 13.14 and - 55.14 +/- 20.22 kcal/mol). Principal component analysis further showed that Rutin consistently produced the most compact conformational ensemble, indicating reduced protein flexibility. In silico ADMET analysis identified comparable pharmacokinetic profiles for the three lead phytochemicals. Collectively, these findings highlight the potential of flavonoid-based phytochemicals as natural inhibitors of IBV spike-mediated viral entry. This study provides a computational framework for the development of phytochemical-based interventions that may complement existing vaccination strategies and support efforts to reduce antibiotic use in poultry, pending experimental validation. SUPPLEMENTARY INFORMATION: The online version contains supplementary material available at https://doi.org/10.1007/s40203-026-00727-z."
"pubmed","42706723","10.1016/j.bpj.2026.09.007","A Biophysical Hypothesis for Compartment-Specific Conformational States of the IQSEC2 Intrinsically Disordered Protein.","Shokhen, Michael; Albeck, Amnon; Levy, Nina S; Levy, Andrew P","Biophysical journal","2026-09-08","https://pubmed.ncbi.nlm.nih.gov/42706723/","The postsynaptic density (PSD) of neuronal synapses is a crowded, viscous membraneless compartment consisting of densely packed protein mixtures formed and maintained through liquid-liquid phase separation. A key regulator of synaptic function within the PSD is IQSEC2, an intrinsically disordered protein (IDP), which functions as a guanine nucleotide exchange factor (GEF), promoting the activation of the small GTPase ARF6 by catalyzing the exchange of ARF6 bound GDP for GTP. Experiments have shown that IQSEC2 is inactive in a folded state in the dendritic cytosol but can transiently adopt a catalytically active extended conformation in the PSD upon activation by neurotransmitter mediated calcium influx. In this study, we performed accelerated molecular dynamics (aMD) simulations of the IQSEC2 folding process in aqueous solvent and applied the Gibbs ergodic hypothesis formulated in statistical ensembles for post-processing and analysis of the results. We compared the effects of two sets of parameters on folding: a force field and a water model. The OPC water model optimized for proteins with disordered structure in the extended state in bulk aqueous solvent predicted an incorrect distorted 3D folded structure of IQSEC2. We propose that, due to fundamental biophysical differences between the dendritic cytosol and the postsynaptic density, there are two distinct classes of IDPs functioning in these different environments. These differences should be considered when optimizing force fields and parameters of water models for studying protein folding."
"pubmed","42704493","10.1007/s00894-026-06945-8","Comparative molecular dynamics of two cyclic peptide inhibitors bound to the Zika virus NS2B/NS3 protease.","Marinho, Camilla Vitoria Silva; de Oliveira, Maycon Vinicius Damasceno; Lima, Anderson H","Journal of molecular modeling","2026-09-07","https://pubmed.ncbi.nlm.nih.gov/42704493/","CONTEXT: The Zika virus NS2B/NS3 protease is an important antiviral target, and macrocyclic peptide inhibitors represent promising scaffolds because they combine multibasic recognition motifs with conformational restriction. Here, we investigated two structurally related cyclic peptide inhibitors, referred to as CP1 and CP2, which share a conserved macrocyclic framework but differ in the chemical nature of their linker substituents. Molecular dynamics simulations showed that both peptides display broad intramolecular distance distributions in aqueous solution, indicating that key crystallographic contacts are not intrinsically maintained in the unbound state. Upon binding to the protease, CP2 adopted a more defined conformational ensemble and preserved a short intramolecular contact compatible with its crystallographic arrangement, whereas CP1 lost its crystallographic d2 contact and sampled a broader bound-state distribution. CP2 also showed a more focused interaction network involving residues from the catalytic and substrate-recognition regions and more favorable binding free-energy estimates. METHODS: Molecular dynamics simulations were performed for each cyclic peptide in aqueous solution and bound to the Zika virus NS2B/NS3 protease using Amber 20. The protein was described with the ff14SB force field, the cyclic peptides with GAFF2, and the systems were solvated with the TIP3P water model. Three independent 500 ns simulations were performed for each system. Trajectories were analyzed using structural clustering, intramolecular distance distributions, residue-level interaction analysis, and MM/PBSA and MM/GBSA binding free-energy calculations."
"pubmed","42703517","10.3389/fgene.2026.1797863","Large language models in bioinformatics: a comprehensive survey.","Meng, Zhigang; Yang, Zhikai; Zhu, Mingxun; Xu, Jianzhen","Frontiers in genetics","2026-09-07","https://pubmed.ncbi.nlm.nih.gov/42703517/","The emergence of foundation models with trillion-level parameters has redefined the landscape of artificial intelligence. Various fields are developing their own large-scale models, which can solve many problems within the field and improve work efficiency. Biological large-scale models are a cross-disciplinary research field that combines mathematics, computer science, and biology, aiming to simulate and understand the structure, function, and dynamic changes of biological systems through the establishment of complex computational models. This field covers multiple levels such as biological pathways, population dynamics, protein folding, etc., providing us with tools for deep exploration of the mysteries of life and applications in medicine, ecology, and other fields. This article reviews the background and research status of biological large-scale models, and discusses future directions. Large language models (LLMs) and other large-scale foundation models have rapidly advanced in recent years, enabling powerful representation learning and generation across text, sequences, and multimodal data. In bioinformatics and biomedicine, these models are increasingly used to analyze genomic sequences, infer protein properties and structures, support drug discovery, and integrate heterogeneous biomedical evidence. This survey reviews the basic principles of LLMs and summarizes representative applications in (i) gene and genome sequence analysis, (ii) protein structure and function prediction, and (iii) drug design, including virtual screening and personalized medicine. We also discuss emerging multi-model modeling approaches, as well as key challenges such as data quality and privacy, interpretability, generalization to new organisms and tasks, and responsible deployment in health-related settings. Finally, we outline future directions for developing reliable, scalable, and explainable bioinformatics foundation models."
"pubmed","42702748","10.1002/mrm.70586","OpenMRF: A Modular, Vendor-Neutral Open-Source Framework for Magnetic Resonance Fingerprinting Using Pulseq.","Griesler, Tom; Stebani, Jannik; Kaplan, Sydney; Angelov, Ivaylo; Albert, Petra; Wech, Tobias; Blaimer, Martin; Wang, Xiang; Chen, Qingping; Zaitsev, Maxim; Zhu, Zhibo; Liu, Qi; Martin, Peter; Nielsen, Jon-Fredrik; Hamilton, Jesse I; Nordbeck, Peter; Seiberlich, Nicole; Gram, Maximilian","Magnetic resonance in medicine","2026-09-07","https://pubmed.ncbi.nlm.nih.gov/42702748/","PURPOSE: Widespread adoption and methodological advancement of magnetic resonance fingerprinting (MRF) are limited by the lack of unified, reproducible implementation frameworks and fragmented open-source tools. To address these barriers, we introduce OpenMRF-a comprehensive Pulseq-based solution-designed to enable standardized and transferable MRF research across vendors, sites, and field strengths. METHODS: OpenMRF integrates modular Pulseq-based sequence design, Bloch-equation-based dictionary generation directly from .seq files, and iterative low-rank subspace reconstruction. The framework was evaluated through digital phantom simulations, a multi-site ISMRM/NIST phantom study on Siemens MRI systems at 0.55, 1.5, and 3 T, as well as GE and United Imaging 3 T platforms, and representative in vivo acquisitions in the liver (0.55 T), myocardium (1.5 T), and brain (3 T). RESULTS: Simulations demonstrated high mapping accuracy in an ISMRM/NIST-like digital phantom, with low-rank reconstruction yielding deviations of 0.03% +/- 0.32% (T(1)) and 0.12% +/- 1.94% (T(2)). The multi-site phantom study yielded relaxation times consistent with reference values at all field strengths, with mean deviations of -0.1% +/- 2.9% (T(1)), -1.5% +/- 8.7% (T(2)), and -4.0% +/- 7.2% (T(1rho)). In vivo acquisitions produced high-quality parameter maps across different anatomical applications and field strengths. CONCLUSION: OpenMRF provides a robust, open-source, end-to-end Pulseq-based solution for MRF designed to enable reproducible sequence implementation, physics-accurate dictionary simulation, and advanced reconstruction across vendors and field strengths. By providing a unified platform for method development, comparison, and cross-vendor application, OpenMRF aims to accelerate reproducible and harmonized quantitative MRI research within the community."
"pubmed","42702130","10.1016/j.bioorg.2026.110461","Discovery of Emodin as a novel competitive KPC-2 inhibitor through virtual screening: Synergistic efficacy with Meropenem against Carbapenem-resistant Klebsiella pneumoniae infection.","Wang, Yan; Geng, Jiamin; Li, Bingyan; Deng, Xuming; Wang, Jiaxi; Guo, Na","Bioorganic chemistry","2026-09-06","https://pubmed.ncbi.nlm.nih.gov/42702130/","Carbapenem-resistant Klebsiella pneumoniae produces the carbapenemase KPC-2, which rapidly confers resistance and poses a significant threat to public health worldwide. Natural compounds have broad application potential, novel structures, and are not easily recognized by existing bacterial resistance mechanisms. Therefore, through virtual screening based on the KPC-2 protein structure and in vitro antimicrobial assessment, the natural anthraquinone compound emodin was identified as a KPC-2 inhibitor (IC(50) = 24.4 muM) and a synergist of meropenem. Molecular dynamics simulation and interaction analyses indicated that emodin competitively occupied the active site of KPC-2 at Trp105 and Thr237, resulting in reduced alpha-helices and increased beta-sheets, thereby inhibiting KPC-2 activity. The combination of emodin and MEM exhibited a synergistic effect. Furthermore, emodin modulates succinate dehydrogenase (SDH) activity and its transcriptional expression, resulting in metabolic perturbation that renders bacteria susceptible to meropenem, thereby potentiating the synergistic antibacterial activity of the combination. This disrupted the metabolic homeostasis of the bacteria, thereby compromising the integrity of bacterial cells and biofilms. No resistance development was observed over 30 generations of passage. In a mouse model of pneumonia, the combination therapy significantly reduced MEM usage, decreased the pulmonary bacterial load by 1.43 log CFU/g of model group, attenuated lung inflammation, and restored normal lung histology. These findings suggest that emodin acts as a promising candidate of KPC-2 inhibitor, which is capable of reinstating carbapenem efficacy against carbapenem-resistant Gram-negative pathogens in vitro and in vivo."
"pubmed","42701301","10.1021/jacs.6c05778","Enhanced Sampling and Ligandability Assessment to Expand the Repertoire of Potentially Druggable Cryptic Pockets.","Vithani, Neha; Zhang, She; Gunther, Judith; Purkey, Hans; Lawson, J David; Nicholls, Anthony; Skillman, A Geoffrey; LeBard, David N","Journal of the American Chemical Society","2026-09-06","https://pubmed.ncbi.nlm.nih.gov/42701301/","Certain proteins known to be involved in life-threatening diseases have remained challenging therapeutic targets for decades, simply because a suitable binding pocket for a potent molecular inhibitor could not be identified in their ground-state apo structures. In the past decade, the discovery of cryptic pockets in challenging targets like KRAS and Werner helicase has proven to be a major turning point for therapeutic development. However, the alternate protein conformations required for these cryptic pockets to exist were only revealed by experiments conducted in the presence of ligands that can bind to them. Time-consuming and expensive experiments currently used to uncover these biologically rare events could be usefully complemented by a computational method capable of reliably identifying cryptic pockets. We have previously shown that aqueous and mixed-solvent Weighted Ensemble molecular dynamics (WEMD) simulations, driven by normal modes representing the direction of the most collective motion of a protein, can predict known cryptic pockets in the KRAS oncoprotein. Here, we evaluate this cryptic pocket detection technique on a data set of diverse proteins and show that it successfully samples cryptic pockets within 2 A of the known holo conformation 57% of the time, starting with just the apo structure. The predicted pockets in the most holo-like conformations show at least 20%, 50%, and 80% volume overlap with the bound ligand in the holo structure, with success rates of 92%, 84%, and 46%, respectively. We also show that we can successfully rank candidate pockets from WEMD using our pocket ligandability prediction model, Target X."
"pubmed","42701296","10.1021/jacs.6c11584","Tuning the ZIKV NS3 Helicase Motor Activity through Magnesium Coordination and RNA-Driven Allostery.","Garcia-Martinez, Adrian; Ruiz-Pernia, J Javier; Tunon, Inaki","Journal of the American Chemical Society","2026-09-06","https://pubmed.ncbi.nlm.nih.gov/42701296/","Viral NS3 helicases convert the chemical energy of ATP hydrolysis into directional motion along nucleic acids, but the molecular basis of this coupling remains unclear. Here, we combine AI-based structural modeling, molecular dynamics simulations, and hybrid QM/MM free energy calculations to investigate ATP hydrolysis in the Zika virus NS3 helicase (ZIKV NS3h). We first address the structural limitations of the available ternary crystallographic structure, which displays a noncanonical ATP-Mg2+ coordination mode and an RNA-binding arrangement inconsistent with the expected ATP-bound state. Our simulations show that alternative ATP-Mg2+ coordination modes can form stable but less favorable local minima, potentially associated with the secondary pyrophosphatase activity reported for this enzyme. Instead, the AlphaFold-predicted ternary complex provides a catalytically competent model with canonical coordination and the expected two-nucleotide separation between conserved ""pincer"" residues. We then use this model to explain the origin of RNA-stimulated ATPase activity. In the absence of ssRNA, the ATPase active site samples a broad conformational ensemble dominated by open, catalytically impaired states. Binding of ssRNA restricts this landscape and stabilizes a closed conformation in which the catalytic motifs are properly aligned. QM/MM free energy profiles show that the open state is effectively inactive, whereas the closed state lowers the activation barrier for ATP hydrolysis by optimizing active-site interactions with ATP and the nucleophilic water molecule. These results rationalize RNA-stimulated ATPase activity as an allosteric conformational selection mechanism that links RNA binding to optimal organization of the ATPase active site."
"pubmed","42701274","10.1021/jacs.6c12741","Kinetic and Thermodynamic Control of Macrocyclic Peptide Conformation through Late-Stage Chemical Modification.","Ou, Yang Daniel; Hur, Joonseong; Baloh, Chloe; Huang, Benzhen; Kovljenic, Nenad; Dudding, Travis; Yudin, Andrei K","Journal of the American Chemical Society","2026-09-06","https://pubmed.ncbi.nlm.nih.gov/42701274/","We describe the use of lactone ring-opening as a chemical tool for producing differentiated conformations of macrocyclic peptides. Under kinetic control, the lactone opening is highly atroposelective across macrocyclic precursors tested. Under thermodynamic control, reversible lactone opening equilibrates the atropisomers. A combined NMR/molecular dynamics study reveals that the atropisomers arising from lactone opening can adopt markedly different conformations, ranging from a 310-helix to various noncanonical conformations. In the RGD-containing macrocycle, the kinetic atropisomer recapitulates the 3D geometry involved in integrin binding, whereas the thermodynamic atropisomer adopts a distinct conformation that was not previously described. Together, these results establish a new strategy to control the conformational states of macrocyclic peptides."
"pubmed","42701255","10.1021/jacs.6c01403","Biomolecular Condensates Dictate the Folding Landscape of Protein Alpha-Helices.","Hess, Nathaniel; Joseph, Jerelle A","Journal of the American Chemical Society","2026-09-06","https://pubmed.ncbi.nlm.nih.gov/42701255/","Protein structure is exquisitely sensitive to the surrounding chemical environment, and many proteins encounter complex environments within cells. Importantly, numerous proteins organize into biomolecular condensates horizontal line dense macromolecular assemblies with distinct physicochemical properties. This raises a fundamental question: how do condensates reshape protein structure and dynamics? Here, we investigate how protein folding landscapes are altered inside condensates, using the protein alpha-helix as a model folded domain. Atomistic simulations suggest the helix-coil transition within condensates differs markedly from its behavior in dilute solution or in the presence of inert crowders. We then use Bayesian optimization to develop a chemically specific, residue-resolution model for quantification of alpha-helical folding and apply it to characterize diverse helices, including alpha-helical domains from the disease-associated proteins TDP-43, Annexin A11, and Androgen Receptor, within condensates of varying physicochemical properties. Our results support a framework in which multivalent interactions drive unfolding while crowding promotes folding, and alpha-helix conformational ensembles inside condensates emerge from this balance. Additionally, we show that helix folding transitions are kinetically frustrated inside condensates because they are coupled to the time scale of contact rearrangement with co-condensate proteins. As such, alpha-helix folding landscapes within condensates are dually sequence-dependent, informed by both the sequence of the alpha-helical domain and co-condensate proteins. Together, our work has implications for understanding condensate-mediated proteinopathies, targeting aberrant condensates, and designing condensates to program protein function across scales."
"pubmed","42700916","10.1016/j.antiviral.2026.106529","Application of emerging technologies in the antiviral field.","Zhang, Xiaoyan; Zhang, Lele; Guo, Tengda; Du, Wenjuan; Wang, Shen; Li, Yongtao","Antiviral research","2026-09-06","https://pubmed.ncbi.nlm.nih.gov/42700916/","Viral diseases pose a serious threat to global public health, agriculture, and biosecurity. Conventional antiviral strategies are often limited by an incomplete understanding of disease mechanisms, poor targeting precision, and slow response times. Emerging technologies are now reshaping the landscape of antiviral research. This review examines the roles of four key frontiers, including organoid models, gene editing, AI-driven molecular design, and synthetic biology. Organoids provide physiologically relevant platforms that model virus-host interactions and disease progression. Viral infections remain a major challenge to human and animal health, agriculture, and biosecurity. Progress in antiviral research is constrained by the complexity of viral pathogenesis, the diversity and rapid evolution of viruses, and the limited translational relevance of some traditional model systems. Recent advances in organoid technology, gene editing, artificial intelligence, and synthetic biology are expanding the toolkit available for antiviral research and development. In this review, we discuss how these four technological frontiers contribute to disease modeling, target discovery, molecular design, and translational innovation. Organoids, in particular, provide physiologically relevant systems for investigating viral infection, tissue tropism, host responses, and pathogenesis. Gene editing tools, such as CRISPR, enable precise manipulation of host and viral genomes, facilitating the development of resistant organisms and next-generation vaccine platforms. AI technologies, including AlphaFold for structure prediction and platforms for de novo protein design, address long-standing bottlenecks in structural biology and offer powerful means to engineer antiviral proteins, antibodies, and vaccine antigens. Synthetic biology, guided by the Design-Build-Test-Learn cycle, integrates computational design, genetic assembly, and functional validation into a cohesive pipeline. Together, these technologies form a synergistic workflow that spans disease modeling, target discovery, molecular design, construction, testing, and iterative optimization. This integrated approach is shifting antiviral development from traditional empirical methods toward more precise, intelligent strategies. The review also highlights ongoing challenges in integration and scalability, stressing that high-quality biological datasets and stronger interdisciplinary collaboration are essential for realizing translational potential. By presenting a cohesive view of these converging methodologies, this review offers a framework to guide the intelligent evolution of antiviral strategies in both human and animal health."
"pubmed","42700562","10.1016/j.foodchem.2026.150959","Self-assembly non-covalent binding mechanism of lycopene-protein-chondroitin sulfate ternary nanoparticles: Multidimensional characterization and molecular dynamics simulation.","Yan, Weiyu; Cui, Qian; Qiu, Tian; Liang, Xiaofu; Xu, Mengju; Qiu, Zijian; Guo, Meijia; Zhang, Yongmin; Zhou, Jiaping; Li, Mingyuan","Food chemistry","2026-09-06","https://pubmed.ncbi.nlm.nih.gov/42700562/","To overcome lycopene's (LYC's) poor water solubility, oxidative instability, and low bioaccessibility, chondroitin sulfate (CS) was used as a stabilizing layer to construct LYC-Protein-CS nanoparticles (LYC-Protein-CS NPs) using different proteins. Their structures and delivery performance were compared to clarify how protein structure influences the delivery of lipophilic bioactives. Zein's layered folding and hydrophobic-hydrophilic partitioning promoted assembly with CS, forming a compact core-shell network. Consequently, LYC-Zein-CS showed superior encapsulation, dispersion stability, antioxidant activity, and gastrointestinal release behavior. Compared with free LYC, this system increased apparent bioaccessibility by 12.95-fold in the gastric phase and 14.87-fold in the intestinal phase during simulated digestion. These findings reveal how protein structural differences regulate the performance of protein-polysaccharide nanoparticles and provide theoretical and technical insights into the precise design and practical application of delivery systems for LYC and other lipophilic bioactive compounds."
"pubmed","42700152","10.1111/imr.70168","Structural T-Cell Receptor Analysis in the Age of Machine Learning.","Quast, Nele P; Raybould, Matthew I J; Deane, Charlotte M","Immunological reviews","2026-09-06","https://pubmed.ncbi.nlm.nih.gov/42700152/","The development of highly accurate deep learning models for protein structure prediction has transformed the landscape of T-cell receptor (TCR) structure data, which can now be accessed at repertoire scale. We provide a perspective on the growing field of structural TCR immunoinformatics, summarizing core principles of TCR structural biology and highlighting existing resources and tools. We outline computational methods for TCR structure prediction, and discuss outstanding challenges faced by current tools, as well as potential avenues to address these. We expand on the research enabled by the availability of predicted TCR structures, exploring the utility of TCR structure predictions for computationally inferring TCR specificity, as well as summarizing opportunities emerging from the adjacent field of antibody research. Finally, we provide a forward-looking perspective on the advances in deep learning research which have recently enabled computational design of TCRs and TCR-like binders."
"biorxiv","10.64898/2026.09.06.749733","10.64898/2026.09.06.749733","Inverse FoldDir: Structure-conditioned Protein Sequence Design by Dirichlet Flow Matching","Alp TARTICI; Mihajlo Stojkovic; Anru Tian; Michael C Jewett; Russ B Altman; Bruce J Wittmann","bioRxiv","2026-09-07","https://www.biorxiv.org/content/10.64898/2026.09.06.749733","Protein engineering has important implications in the bioeconomy, enabling applications in materials, medicine, and energy. A key challenge is designing protein sequences that have a specific form and function. Protein inverse folding seeks to address this challenge by identifying amino acid sequences compatible with a desired protein backbone. This task is central to protein redesign and can provide a sequence design capability for de novo backbones produced by structure-generation methods. Ideally, inverse folding can provide diverse sequence alternatives, fixed residues or motifs, soft biochemical preferences at selected positions, and candidates that remain experimentally useful. We developed Inverse FoldDir, a controllable inverse-folding method that performs iterative denoising on the amino acid probability simplex. Given a backbone structure, the model updates all positions jointly through a learned Dirichlet flow, supporting full sequence generation, fixed-residue inpainting, and user-defined soft residue priors. On the held-out CATH 4.2 test set, Inverse FoldDir achieved a mean TM-score of 84.5 (on a 0-100 scale) and a mean C α RMSD of 1.76Å, compared with 83.3 and 1.86Å, respectively, for ESM-IF1, the strongest evaluated baseline on both metrics. Denoising trajectory analyses showed that positions commit at different rates and that some residues change identity late in generation, illustrating whole-sequence refinement rather than one-shot prediction or irreversible sequential decoding. We experimentally tested Inverse FoldDir in an anti-GFP nanobody redesign task, where two of 35 redesigned sequences retained reproducible sfGFP-binding signal across independent assay runs with approximately 43% sequence divergence from the native nanobody. Inverse FoldDir is a structure-conditioned protein redesign method that combines structural recovery, user control, experimental validation, and a natural route toward future property-guided sampling."
"biorxiv","10.64898/2026.09.08.750039","10.64898/2026.09.08.750039","Protein Design Viz (PDV): lightweight protein structure visualization studio with validated quantitative analytics and antibody-specific toolkit","Konrad Krawczyk; Pawel Dudzic; Sandeep Kumar","bioRxiv","2026-09-08","https://www.biorxiv.org/content/10.64898/2026.09.08.750039","Motivation Molecular visualization is dominated by two families of software. Desktop programs such as PyMOL, VMD and UCSF ChimeraX are powerful but heavy to install and operate. Web viewers such as Jmol, 3Dmol.js, NGL, Mol* and iCn3D are light and installation-free, but typically stop at rendering, lacking deeper functionality needed for even basic protein sequence, structural analyses and design tasks. Tools building upon these often lack comprehensive sequence/structure manipulation, surface, interface and antibody-specific analytics functionality or require an external backend. There is a need for a tool that is as frictionless as a web viewer yet carries the analytical depth normally reserved for the desktop or the command line software. Results We present Protein Design Viz (PDV), a self-contained molecular visualization studio delivered as a single offline HTML file that runs entirely in the browser. Built as an extensive modification of 3Dmol.js, PDV combines a full visualization workflow: multi-object scenes, representations, coloring palette, linked sequence track, publication-quality outline rendering and portable sessions. Additionally we re-implemented four commonly used macromolecular analyses from scratch in client-side JavaScript: a Shrake–Rupley solvent-accessible surface area (SASA) engine, an antibody numbering and germline-assignment engine, a non-covalent interaction detector, and a developability-liability scanner. Each engine is validated against its established reference. PDV’s SASA reproduces FreeSASA at Pearson r ≈ 0.997–0.998 across 2,582 structures spanning proteins, nucleic acids and ligands; its numbering reproduces RIOT for over 99.88% of 1.3 million residue positions across 16,996 sequences and four schemes; its interaction detector reproduces PLIP at macro-F1 0.82, matching Arpeggio as closely as PLIP itself does. PDV brings validated, quantitative structural analysis into a no-install, simple to use tool. Availability and implementation PDV is a single HTML file, free for noncommercial use under the PolyForm Noncommercial License 1.0.0, available from pdv.naturalantibody.com. It requires only a WebGL-capable browser and runs fully offline. Contact konrad@naturalantibody.com"
"biorxiv","10.64898/2026.09.04.749352","10.64898/2026.09.04.749352","AtlasFold: Protein structure prediction with metagenomic-scale language models","Seonghwan Seo; Hyeongwoo Kim; Seokhyun Moon; Woo Youn Kim; Team KAIST","bioRxiv","2026-09-07","https://www.biorxiv.org/content/10.64898/2026.09.04.749352","Protein language models (PLMs) trained on evolutionary sequences learn representations that encode protein structure, enabling direct structure prediction without multiple-sequence alignments (MSAs). Here we present the Atlas model family, an open and trainable system spanning protein language modeling, monomer folding, and protein-complex prediction. AtlasLM-3B is a 3B-scale language model trained with masked language modeling on approximately 1.56 billion sequences, including metagenomic data, and outperforms the similarly sized ESM2-3B in unsupervised contact prediction. Building on these representations, AtlasFold predicts all-atom protein structures and achieves state-of-the-art accuracy among PLM-based folding models. Fine-tuning AtlasFold for protein-complex prediction produces AtlasFold-Multimer (AtlasFold-M), whose antibody–antigen prediction performance is comparable to that of AlphaFold3 and ESMFold2. This protein-specific folding architecture enables fast, memory-efficient inference with AtlasFold and AtlasFold-M. By releasing the training code and data, stage checkpoints, and model weights under the MIT License, we provide a foundation for advancing PLM-based protein structure prediction. 1"
"biorxiv","10.64898/2026.09.07.749737","10.64898/2026.09.07.749737","A Unified Structure-based Deep Learning Framework for High-Throughput Screening of Protein-Binding RNAs","Yihao Zhao; Jing Han; Jike Wang; Jianfeng Chu; Yu Kang; Tingjun Hou","bioRxiv","2026-09-08","https://www.biorxiv.org/content/10.64898/2026.09.07.749737","Protein-RNA interactions regulate diverse biological processes and are increasingly exploited in therapeutic RNA discovery, but accurate inferences of nucleotide preferences and reliable structure prediction remain challenging. Here, we present PRIS, a unified structure-based deep-learning framework that combines two complementary components: PRISeq for nucleotide probability estimation at each RNA position and PRIScore for residue-nucleotide distance prediction to discriminate native-like from incorrect poses. Both share a feature extractor that integrates an Anti-Symmetric Graph Attention Network (A-GAT) with sparse k-Maximum Inner Product (k-MPI) attention to capture long-range interactions across large graphs. PRIScore improves the selection of native-like protein-RNA predictions generated by AlphaFold3, achieving a top-1 success rate of 81.91% on a docking benchmark, compared to 79.26% for AlphaFold3. The selected structures are then fed into PRISeq, which infers position-specific binding preferences and screens RNA libraries. On a PWM benchmark, PRISeq achieved a mean absolute error (MAE) of 0.75, outperforming FoldX, Rosetta-based scoring functions, and NA-MPNN. In virtual screening against MS2 protein, PRISeq screens 129,248 RNA hairpins within 11.95 seconds, achieving the highest EF 0.5% of 14.40, approximately double the best baseline. PRIS also effectively enriches active aptamers against NELF-E and GFP while preserving sequence diversity. By integrating structure selection with binding-preference inference, PRIS provides an efficient framework for large-scale RNA library screening and aptamer design."
"biorxiv","10.64898/2026.09.04.749196","10.64898/2026.09.04.749196","De Novo Design and AlphaFold3 Evaluation of Protein Binders Targeting Specific Sites of MAP4K4","Aarnav Jain; Alexander V. Tobias","bioRxiv","2026-09-07","https://www.biorxiv.org/content/10.64898/2026.09.04.749196","MAP4K4 is a serine/threonine kinase member of the mitogen activated protein kinase family. It acts through the JNK, p38 MAPK, and ERK1/2 pathways and is implicated in cancer proliferation and invasion, TNF-α-driven insulin resistance, macrophage-mediated inflammation, and cardiomyocyte apoptosis in heart failure. No selective small-molecule inhibitor of MAP4K4 has reached clinical use, and knowledge of the specific epitopes on MAP4K4 is lacking for some existing antibodies, leaving a role for small protein binders directed at specific surface sites. We used a computational pipeline that combines RFdiffusion, ProteinMPNN, and AlphaFold2, as well as BindCraft, an integrated “one-shot” tool, for de novo design of small protein binders (∼50–130 residues) to specific MAP4K4 surface hotspots. We also created an automated hotspot determination algorithm that weighs geometry, chemistry, rigidity, and AlphaFold pLDDT. From thousands of candidate sequences, we evaluated 20 of the most promising binders with AlphaFold3 (AF3). The interface predicted template modeling (ipTM) scores ranged from 0.16 to 0.90, with nine candidates having ipTM ≥ 0.80, and five scoring ≥ 0.87. Two binders engage non-overlapping hotspots on opposite faces of MAP4K4, making them a candidate pair for a sandwich assay. BLASTp searches of all designed protein sequences returned only low-significance matches to half of them, indicating that they represent truly novel binding solutions and previously unexplored regions of protein sequence space rather than rediscovered natural motifs. We subjected five complexes spanning the observed AF3 confidence range to 100-ns explicit-solvent molecular dynamics simulation. Interchain contacts were retained throughout, with stability varying substantially between systems. Confidence in the binding specificity of the nine highest-confidence candidates was bolstered by juxtaposition with AF3 evaluations of their interaction with CDK2, a negative-control kinase. This comparison yielded a significant, consistent reduction in ipTM (p = 0.0039) for the control binding partner. ToxinPred2 and AlgPred 2.0 screening suggested that one candidate was a potential allergen and two were potential toxins. These results support that de novo design of small, site-specific protein probes for an underserved disease target is achievable using free, publicly available computational tools and minimal resources, pointing to a greater role for the public and amateur scientists to contribute to biotechnological advancement."
"biorxiv","10.64898/2026.09.04.749267","10.64898/2026.09.04.749267","De novo Rubisco design with protein language models","Alexander J. Kehl; Simon K. S. Chu; Jose Henrique Pereira; Jennifer Lee; Renee Z. Wang; Michael Gigl; Paul D. Adams; Patrick M. Shih; Justin B. Siegel","bioRxiv","2026-09-09","https://www.biorxiv.org/content/10.64898/2026.09.04.749267","Ribulose-1,5-bisphosphate carboxylase/oxygenase (‘Rubisco’) fixes the majority of carbon dioxide globally but is challenged with low specificity for CO 2 versus O 2 and low catalytic efficiencies. Traditional engineering efforts have remained difficult because folding, assembly, specificity, and catalysis are tightly coupled, hampering efforts to explore sequence space. Therefore, we leveraged recent advances in protein large language models (PLMs) to generate sequences beyond those observed in nature, using both ProGen-2 that was fine-tuned on a limited dataset of non-Form I Rubiscos and an ESM-2 discriminator. With this approach, we generated 5.6 million novel Rubisco-like sequences and identified 21 highly diverse candidates predicted to be active that occupy regions of Rubisco phylogenetic space not previously observed in nature. Six designs were soluble in Escherichia coli , and five were shown to produce quantifiable 3PGA. One design produced an apparent CO 2 /O 2 specificity estimate beyond the range of the natural representative Rubiscos assayed. We also solved the crystal structure of one de novo design that reproduced the predicted dimer and active-site geometry with sub-angstrom Cα agreement. Sequence-only generation followed by independent structural filtering therefore recovered soluble, active Rubiscos from regions of sequence space that are not represented in genomic databases. Together, these results establish a scalable strategy for accessing previously unexplored Rubisco sequence space, providing a broadly accessible path toward generating de novo Rubiscos that have activity and specificity parameters needed to address longstanding limitations in biological carbon fixation."
"biorxiv","10.64898/2026.09.05.749573","10.64898/2026.09.05.749573","Empirical Geometry-Guided Modeling Enables Robust, High-Throughput Collagen Structure Prediction","Howard B; Bauer M; Buehler MJ","bioRxiv","2026-09-09","https://www.biorxiv.org/content/10.64898/2026.09.05.749573","<h4>ABSTRACT</h4> Protein structure prediction is increasingly dominated by large learned generative models, yet for proteins governed by strong structural constraints, much of the relevant conformational space may be captured by substantially more compact representations. Collagen provides a compelling test case: its repeating Gly-X-Y sequence, restricted backbone conformations, and conserved triple-helical topology define a highly constrained structural manifold. Here, we develop a Collagen-specific Deterministic Structure Modeler (CDSM), extending the empirical geometric parameterization of THeBuScr into a robust, all-atom structure-prediction pipeline, and benchmark it against AlphaFold 3, Boltz-2, Chai-1, and Protenix-v1 on 80 experimentally resolved collagen triple-helical structures. CDSM increases coverage of this benchmark from 8.8% for native THeBuScr to 93.8%. Across the 75 structures successfully predicted by all methods, CDSM closely reproduces experimental backbone and global geometry, with fewer large-error predictions, while the learned models achieve modestly higher local and side-chain accuracy. When evaluated only on structures deposited after each learned model’s training-data cutoff, CDSM becomes more competitive, with aggregate win rates increasing from 29% to 55% for TM-score and from 40% to 65% for backbone RMSD, while CDSM performance remains comparatively stable across the same subsets. CDSM generates structures in 2.4 s on a single CPU core at approximately $3 × 10 −5 per structure, making it 400 to 790× cheaper than the learned methods even when each is run on its lowest-cost compatible GPU. These results demonstrate how identifying and explicitly encoding relevant geometric constraints can dramatically compress a structure-prediction problem, retaining much of the accuracy at orders-of-magnitude lower computational cost. More broadly, CDSM illustrates the potential for compact, executable scientific representations that complement large learned models, and motivates future AI-driven searches over algorithms, representations, and empirical parameterizations to discover and continually refine such models for other structural protein domains."
"biorxiv","10.64898/2026.09.08.749228","10.64898/2026.09.08.749228","Agent-driven Model Development for RNA 3D Structure Prediction","Majewski M; Malo L; Montero-Blay A; Marengo M; Dos Santos RN; Gkeka P; Minoux H","bioRxiv","2026-09-08","https://www.biorxiv.org/content/10.64898/2026.09.08.749228","Large language model (LLM) agents have shown promise in driving scientific discovery, but their effectiveness in complex, real-world biological problems remains underexplored. We ask whether a general-purpose LLM agent can drive semi-autonomous development of a model for a genuinely hard biological problem, RNA 3D structure prediction. We designed a development loop where, under a fixed budget and with human supervision, the agent iteratively proposed, implemented, trained, and evaluated model changes. Over 297 iterations, the model evolved from a randomly-initialised baseline to QuickFold, an 8.9 M-parameter folding trunk that matches the strongest open-source baselines (RhoFold+, NuFold) on lDDT and TM-score within noise on a held-out test set at a fraction of their inference cost. We frame this less as a new predictor than as a case study in feedback-driven, agent-led model development."
"biorxiv","10.64898/2026.09.03.749148","10.64898/2026.09.03.749148","bioq: a unified, agent-native command-line interface to a fleet of AI drug-discovery methods","Liu Z; Wang Y","bioRxiv","2026-09-08","https://www.biorxiv.org/content/10.64898/2026.09.03.749148","Artificial intelligence methods now span the drug-discovery pipeline—structure prediction, de novo design, docking, affinity estimation, and ADMET—yet each tool ships with its own, often incompatible, GPU software stack, so chaining several into a workflow requires reproducing conflicting software environments and access to datacenter-class hardware that most labs do not have. bioq is a dependency-light command-line client backed by bioq-services (a control-plane gateway plus a growing fleet of 38+ containerized drug-discovery tools spanning 7 discovery stages and 6 molecular modalities). The bioq CLI is self-describing and consistent across the fleet of computational tools, giving researchers and coding agents uniform access to any tool from a laptop, with no local model code, CUDA setup, or cloud configuration, running on serverless GPUs billed per job. The interface–gateway–services architecture makes bioq an execution substrate for automated, agent-driven discovery. bioq and bioq-services are open source under the MIT License and available at https://github.com/wolfsonliu/bioq and https://github.com/wolfsonliu/bioq-services . bioq runs on Python ≥ 3.10 with httpx as its only runtime dependency; services run as Linux containers and are self-hostable via the provided local deployment scripts (alongside scripts for Alibaba Cloud Function Compute). Install, quickstart, test data, and self-hosting instructions are in the repository. The project is actively maintained and will continue to receive updates to both features and services."
"biorxiv","10.64898/2026.09.06.749709","10.64898/2026.09.06.749709","Predicted and experimental protein-ligand coordinates with distance labels and evaluation splits","Klamt T","bioRxiv","2026-09-09","https://www.biorxiv.org/content/10.64898/2026.09.06.749709","Structure prediction tools now provide protein–ligand geometry for pairs no laboratory experiment has resolved thus far. This data is typically provided without calibrated, practically usable per-system measures of whether a given complex is correct and how much to trust it. Agreement between independently constructed methods is an established signal for this type of problem. What has been missing is a way to derive what a given level of agreement is worth. We present PLI-Parallax, which deposits predicted geometry together with experimental data needed to calibrate it. Chai-1, two Boltz-2 configurations, and the docking engine smina were run over shared inputs across an experimentally resolved crystal tier of 19,350 complexes and a corpus tier of 31,746 cross-docked pairs without experimental ground truth on predicted receptors, yielding 307,314,646 residue-to-ligand-atom distance records, which the stored coordinates allow a consumer to recompute at a cutoff of their own choosing. Their mutual agreement is fitted against observed accuracy where experimental data permits it and carried to where it does not. This way 30,567 systems carry predicted label accuracy together with a split-conformal interval. On the crystal tier that interval covers observed accuracy at the stated rate. On the corpus tier it ranks systems by expected label quality, since both distributions differ. The deposit is accompanied by 646 evaluation configurations across seven data split families, and 631 of them report how far their training and test entities separate under a two-sample test. The 906 protein accessions were partitioned to control sequence leakage, so a protein-cold split here tests generalisation across sequence space. The two tiers support evaluation against experimental data and, where this is absent, supervision weighted by how far the configurations agree."
"biorxiv","10.64898/2026.09.07.749809","10.64898/2026.09.07.749809","EukaUTR: a foundation model unifying functional modelling and design of eukaryotic 3 ′ UTRs","Lang M; Fang X; Chen M; Wang Z; Cheng Z; Zhu X; Tam KY; Zhang J; Li X","bioRxiv","2026-09-08","https://www.biorxiv.org/content/10.64898/2026.09.07.749809","Eukaryotic mRNA 3 ′ UTRs encode regulatory information that shapes post-transcriptional control, RNA fate and gene expression. However, a 3 ′ UTR-specific foundation model that spans broad eukaryotic sequence diversity while supporting both functional prediction and sequence design is lacking. Here we present EukaUTR, a 3 ′ UTR-specific foundation model trained on a large-scale eukaryotic 3 ′ UTR sequence corpus spanning diverse evolutionary lineages. Across 13 prediction tasks spanning post-transcriptional regulation, RNA fate and expression output, EukaUTR models matched or exceeded the strongest external baselines on nearly all tasks, with relative improvements of up to 27.45%. EukaUTR also generated de novo 3 ′ UTRs with natural-like sequence and regulatory properties. EukaUTR-Guide further derived stability-associated signals from small sequence sets to guide editing towards enhanced predicted stability. Together, EukaUTR provides a sequence-to-function-to-design framework for transferable 3 ′ UTR modelling and design."
"chemrxiv","10.26434/chemrxiv.15008491/v1","10.26434/chemrxiv.15008491/v1","PARAM-DOCK: An Integrated Framework for Parallel Multi-Protein–Multi-Ligand Docking and Scoring for Scalable Structure-Based Drug Discovery","Samarth Kittad; Mallikarjunachari Uppuladinne; Aneesh Kotipalli; Shruti Koulgi; Vinod Jani; Uddhavesh Sonavane","ChemRxiv","2026-09-08","https://doi.org/10.26434/chemrxiv.15008491/v1","Molecular docking is a central component of structure-based drug discovery, but practical docking studies often require several independent programs for receptor and ligand preparation, binding-site definition, docking, visualisation, interaction analysis, and downstream compound assessment. This fragmentation becomes particularly limiting when multiple protein targets and multiple ligands must be evaluated in the same study. Here, we present PARAM-DOCK, an open-source molecular docking engine and integrated web workflow implemented in Python with Numba-compiled numerical kernels. PARAM-DOCK supports parallel multi-protein-multi-ligand docking and automates major pre-processing and post-processing steps within a single platform. The docking engine combines a seven-term empirical scoring function with an iterated local search strategy in which Monte Carlo perturbations are followed by bounded quasi-Newton minimisation using analytical gradients. Final pose selection can additionally incorporate binding-basin population and pocket-complementarity descriptors when they are informative. The web platform integrates molecular preparation, docking setup, pose ranking, 2D and 3D protein-ligand interaction analysis, comparative score and interaction heatmaps, molecular visualisation, and ADMET prediction. PARAM-DOCK was benchmarked against Vina using matched receptor and ligand PDBQT files, identical search boxes, symmetry-corrected RMSD evaluation, and identical hardware. On the 285-complex CASF-2016 core set, PARAM-DOCK achieved a Pearson correlation of 0.631 for scoring power and a mean within-target Spearman correlation of 0.579, compared with 0.604 and 0.528 for Vina. In de novo redocking of 255 complexes, PARAM-DOCK placed the top-ranked pose within 2.0 Å in 68.6% of cases and recovered a near-native pose among nine outputs in 84.3%, compared with 74.1% and 93.7% for Vina. Conditional on generating a near-native pose, PARAM-DOCK ranked it first in 81.4% of complexes versus 79.1% for Vina. These results indicate competitive scoring and ranking performance, while conformational sampling remains the main area for further improvement."
"chemrxiv","10.26434/chemrxiv.15008605/v1","10.26434/chemrxiv.15008605/v1","Data-driven strategies for enzyme engineering: From machine learning to protein language models","Shaozhen Ding; Peng Wu; Shubo Li; Yuxuan Yang; Han Zhu; Heng Yu; Yu Tian; Dachuan Zhang; Qian-Nan Hu","ChemRxiv","2026-09-09","https://doi.org/10.26434/chemrxiv.15008605/v1","Enzymes are key biocatalysts that drive diverse biological processes and industrial applications, offering sustainable alternatives to conventional chemical catalysis. However, the enormous enzyme sequence space and the limited functional annotation have created an urgent demand for computational approaches to accelerate enzyme discovery and engineering. Recent advances in computational methods are accelerating enzyme engineering from empirical trial and error toward predictive design. This review summarizes representative computational tools and predictive models in the enzyme engineering workflow, including (1) enzyme data resources, (2) functional enzyme discovery, (3) enzyme property prediction (e.g., kinetics, optimal temperature and PH, solubility, promiscuity, and specificity), (4) de novo enzyme design, and (5) computationally guided enzyme optimization. We further compare current computational strategies, discuss their strengths and limitations in different engineering scenarios, and highlight emerging trends toward foundation models, generative artificial intelligence, multimodal learning, and closed-loop design–build–test–learn platforms."
