"source","id","doi","title","authors","journal","published_date","url","abstract"
"pubmed","42704493","10.1007/s00894-026-06945-8","Comparative molecular dynamics of two cyclic peptide inhibitors bound to the Zika virus NS2B/NS3 protease.","Marinho, Camilla Vitoria Silva; de Oliveira, Maycon Vinicius Damasceno; Lima, Anderson H","Journal of molecular modeling","2026-09-07","https://pubmed.ncbi.nlm.nih.gov/42704493/","CONTEXT: The Zika virus NS2B/NS3 protease is an important antiviral target, and macrocyclic peptide inhibitors represent promising scaffolds because they combine multibasic recognition motifs with conformational restriction. Here, we investigated two structurally related cyclic peptide inhibitors, referred to as CP1 and CP2, which share a conserved macrocyclic framework but differ in the chemical nature of their linker substituents. Molecular dynamics simulations showed that both peptides display broad intramolecular distance distributions in aqueous solution, indicating that key crystallographic contacts are not intrinsically maintained in the unbound state. Upon binding to the protease, CP2 adopted a more defined conformational ensemble and preserved a short intramolecular contact compatible with its crystallographic arrangement, whereas CP1 lost its crystallographic d2 contact and sampled a broader bound-state distribution. CP2 also showed a more focused interaction network involving residues from the catalytic and substrate-recognition regions and more favorable binding free-energy estimates. METHODS: Molecular dynamics simulations were performed for each cyclic peptide in aqueous solution and bound to the Zika virus NS2B/NS3 protease using Amber 20. The protein was described with the ff14SB force field, the cyclic peptides with GAFF2, and the systems were solvated with the TIP3P water model. Three independent 500 ns simulations were performed for each system. Trajectories were analyzed using structural clustering, intramolecular distance distributions, residue-level interaction analysis, and MM/PBSA and MM/GBSA binding free-energy calculations."
"pubmed","42703517","10.3389/fgene.2026.1797863","Large language models in bioinformatics: a comprehensive survey.","Meng, Zhigang; Yang, Zhikai; Zhu, Mingxun; Xu, Jianzhen","Frontiers in genetics","2026-09-07","https://pubmed.ncbi.nlm.nih.gov/42703517/","The emergence of foundation models with trillion-level parameters has redefined the landscape of artificial intelligence. Various fields are developing their own large-scale models, which can solve many problems within the field and improve work efficiency. Biological large-scale models are a cross-disciplinary research field that combines mathematics, computer science, and biology, aiming to simulate and understand the structure, function, and dynamic changes of biological systems through the establishment of complex computational models. This field covers multiple levels such as biological pathways, population dynamics, protein folding, etc., providing us with tools for deep exploration of the mysteries of life and applications in medicine, ecology, and other fields. This article reviews the background and research status of biological large-scale models, and discusses future directions. Large language models (LLMs) and other large-scale foundation models have rapidly advanced in recent years, enabling powerful representation learning and generation across text, sequences, and multimodal data. In bioinformatics and biomedicine, these models are increasingly used to analyze genomic sequences, infer protein properties and structures, support drug discovery, and integrate heterogeneous biomedical evidence. This survey reviews the basic principles of LLMs and summarizes representative applications in (i) gene and genome sequence analysis, (ii) protein structure and function prediction, and (iii) drug design, including virtual screening and personalized medicine. We also discuss emerging multi-model modeling approaches, as well as key challenges such as data quality and privacy, interpretability, generalization to new organisms and tasks, and responsible deployment in health-related settings. Finally, we outline future directions for developing reliable, scalable, and explainable bioinformatics foundation models."
"pubmed","42702748","10.1002/mrm.70586","OpenMRF: A Modular, Vendor-Neutral Open-Source Framework for Magnetic Resonance Fingerprinting Using Pulseq.","Griesler, Tom; Stebani, Jannik; Kaplan, Sydney; Angelov, Ivaylo; Albert, Petra; Wech, Tobias; Blaimer, Martin; Wang, Xiang; Chen, Qingping; Zaitsev, Maxim; Zhu, Zhibo; Liu, Qi; Martin, Peter; Nielsen, Jon-Fredrik; Hamilton, Jesse I; Nordbeck, Peter; Seiberlich, Nicole; Gram, Maximilian","Magnetic resonance in medicine","2026-09-07","https://pubmed.ncbi.nlm.nih.gov/42702748/","PURPOSE: Widespread adoption and methodological advancement of magnetic resonance fingerprinting (MRF) are limited by the lack of unified, reproducible implementation frameworks and fragmented open-source tools. To address these barriers, we introduce OpenMRF-a comprehensive Pulseq-based solution-designed to enable standardized and transferable MRF research across vendors, sites, and field strengths. METHODS: OpenMRF integrates modular Pulseq-based sequence design, Bloch-equation-based dictionary generation directly from .seq files, and iterative low-rank subspace reconstruction. The framework was evaluated through digital phantom simulations, a multi-site ISMRM/NIST phantom study on Siemens MRI systems at 0.55, 1.5, and 3 T, as well as GE and United Imaging 3 T platforms, and representative in vivo acquisitions in the liver (0.55 T), myocardium (1.5 T), and brain (3 T). RESULTS: Simulations demonstrated high mapping accuracy in an ISMRM/NIST-like digital phantom, with low-rank reconstruction yielding deviations of 0.03% +/- 0.32% (T(1)) and 0.12% +/- 1.94% (T(2)). The multi-site phantom study yielded relaxation times consistent with reference values at all field strengths, with mean deviations of -0.1% +/- 2.9% (T(1)), -1.5% +/- 8.7% (T(2)), and -4.0% +/- 7.2% (T(1rho)). In vivo acquisitions produced high-quality parameter maps across different anatomical applications and field strengths. CONCLUSION: OpenMRF provides a robust, open-source, end-to-end Pulseq-based solution for MRF designed to enable reproducible sequence implementation, physics-accurate dictionary simulation, and advanced reconstruction across vendors and field strengths. By providing a unified platform for method development, comparison, and cross-vendor application, OpenMRF aims to accelerate reproducible and harmonized quantitative MRI research within the community."
"pubmed","42702130","10.1016/j.bioorg.2026.110461","Discovery of Emodin as a novel competitive KPC-2 inhibitor through virtual screening: Synergistic efficacy with Meropenem against Carbapenem-resistant Klebsiella pneumoniae infection.","Wang, Yan; Geng, Jiamin; Li, Bingyan; Deng, Xuming; Wang, Jiaxi; Guo, Na","Bioorganic chemistry","2026-09-06","https://pubmed.ncbi.nlm.nih.gov/42702130/","Carbapenem-resistant Klebsiella pneumoniae produces the carbapenemase KPC-2, which rapidly confers resistance and poses a significant threat to public health worldwide. Natural compounds have broad application potential, novel structures, and are not easily recognized by existing bacterial resistance mechanisms. Therefore, through virtual screening based on the KPC-2 protein structure and in vitro antimicrobial assessment, the natural anthraquinone compound emodin was identified as a KPC-2 inhibitor (IC(50) = 24.4 muM) and a synergist of meropenem. Molecular dynamics simulation and interaction analyses indicated that emodin competitively occupied the active site of KPC-2 at Trp105 and Thr237, resulting in reduced alpha-helices and increased beta-sheets, thereby inhibiting KPC-2 activity. The combination of emodin and MEM exhibited a synergistic effect. Furthermore, emodin modulates succinate dehydrogenase (SDH) activity and its transcriptional expression, resulting in metabolic perturbation that renders bacteria susceptible to meropenem, thereby potentiating the synergistic antibacterial activity of the combination. This disrupted the metabolic homeostasis of the bacteria, thereby compromising the integrity of bacterial cells and biofilms. No resistance development was observed over 30 generations of passage. In a mouse model of pneumonia, the combination therapy significantly reduced MEM usage, decreased the pulmonary bacterial load by 1.43 log CFU/g of model group, attenuated lung inflammation, and restored normal lung histology. These findings suggest that emodin acts as a promising candidate of KPC-2 inhibitor, which is capable of reinstating carbapenem efficacy against carbapenem-resistant Gram-negative pathogens in vitro and in vivo."
"pubmed","42701301","10.1021/jacs.6c05778","Enhanced Sampling and Ligandability Assessment to Expand the Repertoire of Potentially Druggable Cryptic Pockets.","Vithani, Neha; Zhang, She; Gunther, Judith; Purkey, Hans; Lawson, J David; Nicholls, Anthony; Skillman, A Geoffrey; LeBard, David N","Journal of the American Chemical Society","2026-09-06","https://pubmed.ncbi.nlm.nih.gov/42701301/","Certain proteins known to be involved in life-threatening diseases have remained challenging therapeutic targets for decades, simply because a suitable binding pocket for a potent molecular inhibitor could not be identified in their ground-state apo structures. In the past decade, the discovery of cryptic pockets in challenging targets like KRAS and Werner helicase has proven to be a major turning point for therapeutic development. However, the alternate protein conformations required for these cryptic pockets to exist were only revealed by experiments conducted in the presence of ligands that can bind to them. Time-consuming and expensive experiments currently used to uncover these biologically rare events could be usefully complemented by a computational method capable of reliably identifying cryptic pockets. We have previously shown that aqueous and mixed-solvent Weighted Ensemble molecular dynamics (WEMD) simulations, driven by normal modes representing the direction of the most collective motion of a protein, can predict known cryptic pockets in the KRAS oncoprotein. Here, we evaluate this cryptic pocket detection technique on a data set of diverse proteins and show that it successfully samples cryptic pockets within 2 A of the known holo conformation 57% of the time, starting with just the apo structure. The predicted pockets in the most holo-like conformations show at least 20%, 50%, and 80% volume overlap with the bound ligand in the holo structure, with success rates of 92%, 84%, and 46%, respectively. We also show that we can successfully rank candidate pockets from WEMD using our pocket ligandability prediction model, Target X."
"pubmed","42701296","10.1021/jacs.6c11584","Tuning the ZIKV NS3 Helicase Motor Activity through Magnesium Coordination and RNA-Driven Allostery.","Garcia-Martinez, Adrian; Ruiz-Pernia, J Javier; Tunon, Inaki","Journal of the American Chemical Society","2026-09-06","https://pubmed.ncbi.nlm.nih.gov/42701296/","Viral NS3 helicases convert the chemical energy of ATP hydrolysis into directional motion along nucleic acids, but the molecular basis of this coupling remains unclear. Here, we combine AI-based structural modeling, molecular dynamics simulations, and hybrid QM/MM free energy calculations to investigate ATP hydrolysis in the Zika virus NS3 helicase (ZIKV NS3h). We first address the structural limitations of the available ternary crystallographic structure, which displays a noncanonical ATP-Mg2+ coordination mode and an RNA-binding arrangement inconsistent with the expected ATP-bound state. Our simulations show that alternative ATP-Mg2+ coordination modes can form stable but less favorable local minima, potentially associated with the secondary pyrophosphatase activity reported for this enzyme. Instead, the AlphaFold-predicted ternary complex provides a catalytically competent model with canonical coordination and the expected two-nucleotide separation between conserved ""pincer"" residues. We then use this model to explain the origin of RNA-stimulated ATPase activity. In the absence of ssRNA, the ATPase active site samples a broad conformational ensemble dominated by open, catalytically impaired states. Binding of ssRNA restricts this landscape and stabilizes a closed conformation in which the catalytic motifs are properly aligned. QM/MM free energy profiles show that the open state is effectively inactive, whereas the closed state lowers the activation barrier for ATP hydrolysis by optimizing active-site interactions with ATP and the nucleophilic water molecule. These results rationalize RNA-stimulated ATPase activity as an allosteric conformational selection mechanism that links RNA binding to optimal organization of the ATPase active site."
"pubmed","42701274","10.1021/jacs.6c12741","Kinetic and Thermodynamic Control of Macrocyclic Peptide Conformation through Late-Stage Chemical Modification.","Ou, Yang Daniel; Hur, Joonseong; Baloh, Chloe; Huang, Benzhen; Kovljenic, Nenad; Dudding, Travis; Yudin, Andrei K","Journal of the American Chemical Society","2026-09-06","https://pubmed.ncbi.nlm.nih.gov/42701274/","We describe the use of lactone ring-opening as a chemical tool for producing differentiated conformations of macrocyclic peptides. Under kinetic control, the lactone opening is highly atroposelective across macrocyclic precursors tested. Under thermodynamic control, reversible lactone opening equilibrates the atropisomers. A combined NMR/molecular dynamics study reveals that the atropisomers arising from lactone opening can adopt markedly different conformations, ranging from a 310-helix to various noncanonical conformations. In the RGD-containing macrocycle, the kinetic atropisomer recapitulates the 3D geometry involved in integrin binding, whereas the thermodynamic atropisomer adopts a distinct conformation that was not previously described. Together, these results establish a new strategy to control the conformational states of macrocyclic peptides."
"pubmed","42701255","10.1021/jacs.6c01403","Biomolecular Condensates Dictate the Folding Landscape of Protein Alpha-Helices.","Hess, Nathaniel; Joseph, Jerelle A","Journal of the American Chemical Society","2026-09-06","https://pubmed.ncbi.nlm.nih.gov/42701255/","Protein structure is exquisitely sensitive to the surrounding chemical environment, and many proteins encounter complex environments within cells. Importantly, numerous proteins organize into biomolecular condensates horizontal line dense macromolecular assemblies with distinct physicochemical properties. This raises a fundamental question: how do condensates reshape protein structure and dynamics? Here, we investigate how protein folding landscapes are altered inside condensates, using the protein alpha-helix as a model folded domain. Atomistic simulations suggest the helix-coil transition within condensates differs markedly from its behavior in dilute solution or in the presence of inert crowders. We then use Bayesian optimization to develop a chemically specific, residue-resolution model for quantification of alpha-helical folding and apply it to characterize diverse helices, including alpha-helical domains from the disease-associated proteins TDP-43, Annexin A11, and Androgen Receptor, within condensates of varying physicochemical properties. Our results support a framework in which multivalent interactions drive unfolding while crowding promotes folding, and alpha-helix conformational ensembles inside condensates emerge from this balance. Additionally, we show that helix folding transitions are kinetically frustrated inside condensates because they are coupled to the time scale of contact rearrangement with co-condensate proteins. As such, alpha-helix folding landscapes within condensates are dually sequence-dependent, informed by both the sequence of the alpha-helical domain and co-condensate proteins. Together, our work has implications for understanding condensate-mediated proteinopathies, targeting aberrant condensates, and designing condensates to program protein function across scales."
"pubmed","42700916","10.1016/j.antiviral.2026.106529","Application of Emerging Technologies in the Antiviral Field.","Zhang, Xiaoyan; Zhang, Lele; Guo, Tengda; Du, Wenjuan; Wang, Shen; Li, Yongtao","Antiviral research","2026-09-06","https://pubmed.ncbi.nlm.nih.gov/42700916/","Viral diseases pose a serious threat to global public health, agriculture, and biosecurity. Conventional antiviral strategies are often limited by an incomplete understanding of disease mechanisms, poor targeting precision, and slow response times. Emerging technologies are now reshaping the landscape of antiviral research. This review examines the roles of four key frontiers, including organoid models, gene editing, AI-driven molecular design, and synthetic biology. Organoids provide physiologically relevant platforms that model virus-host interactions and disease progression. Viral infections remain a major challenge to human and animal health, agriculture, and biosecurity. Progress in antiviral research is constrained by the complexity of viral pathogenesis, the diversity and rapid evolution of viruses, and the limited translational relevance of some traditional model systems. Recent advances in organoid technology, gene editing, artificial intelligence, and synthetic biology are expanding the toolkit available for antiviral research and development. In this review, we discuss how these four technological frontiers contribute to disease modeling, target discovery, molecular design, and translational innovation. Organoids, in particular, provide physiologically relevant systems for investigating viral infection, tissue tropism, host responses, and pathogenesis. Gene editing tools, such as CRISPR, enable precise manipulation of host and viral genomes, facilitating the development of resistant organisms and next-generation vaccine platforms. AI technologies, including AlphaFold for structure prediction and platforms for de novo protein design, address long-standing bottlenecks in structural biology and offer powerful means to engineer antiviral proteins, antibodies, and vaccine antigens. Synthetic biology, guided by the Design-Build-Test-Learn cycle, integrates computational design, genetic assembly, and functional validation into a cohesive pipeline. Together, these technologies form a synergistic workflow that spans disease modeling, target discovery, molecular design, construction, testing, and iterative optimization. This integrated approach is shifting antiviral development from traditional empirical methods toward more precise, intelligent strategies. The review also highlights ongoing challenges in integration and scalability, stressing that high-quality biological datasets and stronger interdisciplinary collaboration are essential for realizing translational potential. By presenting a cohesive view of these converging methodologies, this review offers a framework to guide the intelligent evolution of antiviral strategies in both human and animal health."
"pubmed","42700562","10.1016/j.foodchem.2026.150959","Self-assembly non-covalent binding mechanism of lycopene-protein-chondroitin sulfate ternary nanoparticles: Multidimensional characterization and molecular dynamics simulation.","Yan, Weiyu; Cui, Qian; Qiu, Tian; Liang, Xiaofu; Xu, Mengju; Qiu, Zijian; Guo, Meijia; Zhang, Yongmin; Zhou, Jiaping; Li, Mingyuan","Food chemistry","2026-09-06","https://pubmed.ncbi.nlm.nih.gov/42700562/","To overcome lycopene's (LYC's) poor water solubility, oxidative instability, and low bioaccessibility, chondroitin sulfate (CS) was used as a stabilizing layer to construct LYC-Protein-CS nanoparticles (LYC-Protein-CS NPs) using different proteins. Their structures and delivery performance were compared to clarify how protein structure influences the delivery of lipophilic bioactives. Zein's layered folding and hydrophobic-hydrophilic partitioning promoted assembly with CS, forming a compact core-shell network. Consequently, LYC-Zein-CS showed superior encapsulation, dispersion stability, antioxidant activity, and gastrointestinal release behavior. Compared with free LYC, this system increased apparent bioaccessibility by 12.95-fold in the gastric phase and 14.87-fold in the intestinal phase during simulated digestion. These findings reveal how protein structural differences regulate the performance of protein-polysaccharide nanoparticles and provide theoretical and technical insights into the precise design and practical application of delivery systems for LYC and other lipophilic bioactive compounds."
"pubmed","42700152","10.1111/imr.70168","Structural T-Cell Receptor Analysis in the Age of Machine Learning.","Quast, Nele P; Raybould, Matthew I J; Deane, Charlotte M","Immunological reviews","2026-09-06","https://pubmed.ncbi.nlm.nih.gov/42700152/","The development of highly accurate deep learning models for protein structure prediction has transformed the landscape of T-cell receptor (TCR) structure data, which can now be accessed at repertoire scale. We provide a perspective on the growing field of structural TCR immunoinformatics, summarizing core principles of TCR structural biology and highlighting existing resources and tools. We outline computational methods for TCR structure prediction, and discuss outstanding challenges faced by current tools, as well as potential avenues to address these. We expand on the research enabled by the availability of predicted TCR structures, exploring the utility of TCR structure predictions for computationally inferring TCR specificity, as well as summarizing opportunities emerging from the adjacent field of antibody research. Finally, we provide a forward-looking perspective on the advances in deep learning research which have recently enabled computational design of TCRs and TCR-like binders."
"pubmed","42698033","10.1007/s10822-026-00937-9","Structure prediction and drug screening targeting monkeypox virus polymerase and surface proteins.","Tao, Tao; Jia, Linchuan; Cheng, Yuhang; Zou, Yawen; Wen, Yanqin; Chen, Yi; Chen, Haowen; Wei, Hao; Yang, Qiangzhen; Shi, Yongyong","Journal of computer-aided molecular design","2026-09-05","https://pubmed.ncbi.nlm.nih.gov/42698033/","The global outbreak and ongoing spread of the monkeypox virus (MPXV) have highlighted the urgent need for effective antiviral therapeutics. Here, we integrated artificial intelligence-based protein structure prediction, large-scale virtual screening, and experimental validation to identify preliminary hit compounds targeting MPXV. Using AlphaFold2, we predicted high-accuracy structures for seven essential MPXV proteins, including three polymerase-related and four surface proteins. Molecular docking of these targets against 6405 drugs from the ZINC15 world-approved subset generated a docking score dataset of 44,835 drug-protein pairs, from which numerous high-scoring compounds were identified. Focusing on A35R, we selected 26 compounds for experimental validation using surface plasmon resonance (SPR). Three compounds, including cepharanthine, eltrombopag, and simeprevir, exhibited measurable A35R‑associated binding signals with equilibrium dissociation constants (KD) in the micromolar range. Molecular dynamics (MD) simulations and molecular mechanics generalized Born surface area were employed for stability analysis and relative energetic assessment. Notably, all three have been previously reported to target other MPXV proteins, reinforcing their potential for repurposing. This work establishes AI‑driven structure prediction as a useful tool for identifying preliminary binding compounds. However, no antiviral activity has been demonstrated for these compounds; therefore, the three hit compounds warrant further optimization and biological evaluation. Our integrated approach provides a framework for rapid drug screening against emerging viral threats."
"pubmed","42697889","10.1038/s41598-026-60957-1","Antimicrobial peptides as computational candidates for SARS-CoV-2 papain-like protease inhibition.","Dos Santos Moreira, Erenilson; Siqueira, Sergio; Barbosa, Fabricio Santos; da Silva Sousa, Jailan; Mercado, Hugo Mauricio Pena; Melo, Tarcisio Silva; Jaiswal, Arun Kumar; Azevedo, Vasco; Goes-Neto, Aristoteles; Andrade, Bruno Silva","Scientific reports","2026-09-05","https://pubmed.ncbi.nlm.nih.gov/42697889/","SARS-CoV-2 papain-like protease (PLpro) remains an attractive antiviral target because of its dual role in viral polyprotein processing and host immune modulation. In this study, we employed an exploratory structure-based computational workflow to identify antimicrobial peptide scaffolds with predicted PLpro-binding potential. A total of 6,615 peptides compiled from public databases were screened using protein-peptide docking, followed by molecular dynamics simulations and end-state binding energy analysis for selected complexes. Among the prioritized candidates, peptides 33,035 and 17,047 showed favorable predicted occupation of the catalytic region and persistent interactions with residues in the active-site environment. Molecular dynamics analyses suggested sustained peptide engagement within the PLpro binding region, although distinct degrees of conformational adaptation were observed across systems. MM/PBSA calculations provided additional energetic support for peptide-PLpro association in the selected complexes. In silico toxicity prediction further indicated that peptide 33,035 may require sequence optimization before translational consideration. Overall, our results identify peptide scaffolds worthy of future biochemical and antiviral validation, while reinforcing the need for experimental confirmation and further optimization before any therapeutic inference can be made."
"pubmed","42697874","10.1002/jsfa.71030","Developing plant-based meat analogues using red yeast rice powder: color stability, structural reinforcement, and antioxidant enhancement.","Gao, Chaofan; Yang, Jiafei; Dai, Huihui; Lai, Rui; Guo, Yiting; Zhu, Xueqing; An, Hongzhou","Journal of the science of food and agriculture","2026-09-05","https://pubmed.ncbi.nlm.nih.gov/42697874/","BACKGROUND: Plant-based meat is limited by the absence of heme, which hinders the simulation of animal meat color. This study evaluated the effects of red yeast rice powder (RYRP), added as a natural colorant at 0%, 1%, 3%, 5%, and 7%, on the color, structure, and antioxidant properties of high-moisture textured vegetable protein (HMTVP). RESULTS: Red yeast rice powder significantly improved the meat-like color of HMTVP, with 5% addition exhibiting color characteristics closer to those of fresh beef tenderloin, particularly in terms of redness (a*). The color remained relatively stable during heating at 60  degrees C and under dark frozen storage. Structural analysis showed that low addition levels (1%) led to a looser protein structure and reduced the degree of texturization. Conversely, higher addition levels (3%) promoted the transformation of the fibrous structure from disordered to compact and ordered by enhancing intermolecular interactions, and also affected water distribution. Red yeast rice powder also increased the in vitro antioxidant activity of HMTVP in a dose-dependent manner. CONCLUSION: Red yeast rice powder can effectively improve the color, structural properties, and in vitro antioxidant activity of HMTVP. These findings indicate the potential of this natural colorant for improving the color and overall quality attributes of plant-based meat products. (c) 2026 Society of Chemical Industry."
"pubmed","42697290","10.1016/j.ijbiomac.2026.154351","Extremozymes for food fermentation: Integrating AI, metagenomics, and protein engineering.","Ansari, Subuhi Kashif; Shah, Nusrat Hamid; Elboughdiri, Noureddine; Chaudhary, Anis Ahmad; Ali, Mohamed A M; Wani, Atif Khurshid","International journal of biological macromolecules","2026-09-04","https://pubmed.ncbi.nlm.nih.gov/42697290/","Climate change-induced fluctuations in temperature, pH, salinity, and water activity are increasingly compromising microbial metabolism and fermentation efficiency, exposing the limitations of conventional mesophilic enzymes in maintaining process stability and product consistency. Extremozymes, derived from extremophilic microorganisms, exhibit exceptional structural stability and catalytic activity under harsh physicochemical conditions, making them promising biocatalysts for climate-resilient food fermentation. Although considerable progress has been achieved in extremozyme discovery and engineering, challenges remain in bridging computational prediction with experimental validation, functional characterization, large-scale production, and industrial deployment. This review critically examines the diversity, biochemical properties, and functional roles of extremozymes in food fermentation while evaluating the influence of climate-induced process stresses on microbial performance, enzyme functionality, and fermentation outcomes. It further synthesizes recent advances in Artificial Intelligence (AI)-assisted metagenomics, machine learning, transformer-based protein modelling, generative protein design, multi-omics (MO) integration, and high-throughput screening platforms, including microfluidics, droplet-based systems, and cell-free expression technologies, that are accelerating enzyme discovery, engineering, and validation. Particular emphasis is placed on the integration of computational and experimental workflows to improve the accuracy, scalability, and industrial translation of next-generation extremozymes. Unlike previous reviews that primarily describe individual enzyme classes or AI methodologies, this review provides a comprehensive and critical framework linking climate-driven fermentation challenges with emerging computational and biotechnological solutions. It identifies current knowledge gaps, technological bottlenecks, and future research priorities for developing robust, programmable, and energy-efficient fermentation systems capable of sustaining product quality, process reliability, and sustainable food production under increasingly variable environmental conditions."
"pubmed","42696891","10.1016/j.compbiolchem.2026.109387","In silico identification of flavonoid inhibitors targeting cholera toxin from Vibrio cholerae: Molecular docking, ADMET profiling, and molecular dynamics simulation.","Zohaib, Hafiz Muhammad; Saqlain, Madiha; Tabassum, Iqra; Ahmad, Hammad; Ismail, Hammad","Computational biology and chemistry","2026-09-04","https://pubmed.ncbi.nlm.nih.gov/42696891/","An integrated computational strategy was used to identify potential inhibitors of the NAD (+)-arginine ADP-ribosyl transferase of cholera toxin. The target protein structure was obtained from the UniProt database and validated using PROCHECK. The potential binding pockets were predicted using DeepSite. A total of 50 flavonoids were screened using structure based virtual screening (VS), of which Kaempferol (-9.1 kcal/mol) and Taxifolin (-8.9 kcal/mol) were identified as potential inhibitors. Molecular interaction studies indicated that kaempferol had a substantially larger interaction network (greater number of hydrogen bonds, pi-pi interactions and hydrophobic interactions) than taxifolin. ADMET and toxicity profiling for each compound indicated that both compounds had favorable drug-like properties including high GI absorption, low BBB penetrability, and acceptable toxicity profiles. 100 ns molecular dynamics analyses showed stable binding for both ligands. Kaempferol had faster equilibration times, less flexible protein, and less solvent exposure than taxifolin. Additionally, MM-GBSA binding free energy analyses further corroborate the binding affinity of kaempferol/taxifolin was stronger (-36.28 vs -30.62 Kcal/mol binding affinity). Collectively, these findings show that kaempferol is a viable lead compound for cholera toxin suppression and serve as the foundation for future antitoxin medication development and experimental validation."
"pubmed","42696565","10.1126/sciadv.aee9222","The fitness landscape of a form II rubisco in a photosynthetic bacterium guides engineering of oxygen tolerance.","Hoffmann, Ute A; Knave, Axel F; Schuppe, Anna Z; Capo-Bauca, Sebastia; Aguilo Nicolau, Pere; Schriever, Karen; Karlsson, Anna; Russo, Michele; Sporre, Emil; Matsuda, Mami; Miao, Rui; Hasunuma, Tomohisa; Galmes, Jeroni; Syren, Per-Olof; Hudson, Elton P","Science advances","2026-09-04","https://pubmed.ncbi.nlm.nih.gov/42696565/","Ribulose-1,5-bisphosphate carboxylase/oxygenase (rubisco) is an important but challenging protein engineering target. Fast and selective rubiscos could enhance photosynthesis in plants and accelerate biobased production processes. To facilitate engineering of rubisco, we applied an in vivo screen that couples rubisco activity to growth rate of the photoautotrophic cyanobacterium Synechocystis sp. PCC 6803. We screened a barcoded mutagenesis library of the form II rubisco from Gallionella sp. containing 15,000 single-site and multi-site variants. Exchanges in loop 6 near the active site, at the dimer interface, and in potential gas tunnels improved rubisco fitness. The dataset also informed protein engineering, using recombination and a trained transformer model. In vitro characterisation of two high-fitness variants showed reduced catalytic efficiency for oxygenation (k(cat)/K(o)) in both and an increased carboxylation turnover (k(cat)(C)) in one. This large labeled fitness dataset, containing examples of epistasis, can be useful for benchmarking computational models of rubisco."
"pubmed","42696540","10.1073/pnas.2605178123","Systematic discovery of circular permutations across the protein universe using CIRPIN.","Kolodziej, Aiden R; Abulnaga, S Mazdak; Ovchinnikov, Sergey","Proceedings of the National Academy of Sciences of the United States of America","2026-09-04","https://pubmed.ncbi.nlm.nih.gov/42696540/","Protein structure search has been revolutionized by deep learning methods that can rapidly search massive databases. However, current structure search tools often miss proteins related by topological rearrangements, particularly circular permutation, wherein proteins share highly similar structure but differ in the positioning of their termini. We introduce a circular permutation-invariant graph neural network (CIRPIN) that addresses this limitation through a data augmentation strategy using synthetic circular permutations. We demonstrate that CIRPIN learns representations of proteins that are invariant to circular permutation, enabling it to identify structurally similar proteins within the Structural Classification of Proteins and AlphaFold Cluster Representatives databases. Using CIRPIN, we created CIRPIN-DB, a database of 18.3 million protein pairs highly enriched for circular permutation relationships. Our database contains structures from 845 unique topologies in the CATH Protein Structure Classification database representing the largest and most comprehensive resource of proteins related by a circular permutation assembled to date. Notably, among several novel circular permutants, we find that the PDZ domain-the most commonly inserted domain within multidomain proteins-exists in four distinct circularly permuted forms. Our results establish CIRPIN as a powerful tool to investigate the evolutionary mechanisms underlying circularly permuted proteins."
"pubmed","42695892","10.1021/acs.jproteome.6c00074","ProtPen Combines Sequence- and Structure-based Approaches to Facilitate Protein Function Predictions on a Proteome-wide Scale.","Mathai, Diya; Schulze, Stefan","Journal of proteome research","2026-09-04","https://pubmed.ncbi.nlm.nih.gov/42695892/","Proteins of unknown function represent a significant gap in our understanding of biological processes, encompassing large portions of the proteomes of many organisms, especially prokaryotes. Addressing this gap is critical to understanding the biology and pathogenicity of such organisms. We introduce ProtPen, an open-source pipeline that facilitates protein function prediction by combining eggNOG-mapper for sequence-based annotation with Foldseek for rapid structural similarity searches using AlphaFold-predicted protein structures. Annotation results from both tools are merged and enriched with UniProt metadata to produce a comprehensive output suitable for downstream analysis. The pipeline requires only a FASTA input file with UniProt identifiers, and is designed to analyze data sets on the scale of whole proteomes. Benchmarking on a curated data set of well-characterized Pseudomonas aeruginosa proteins demonstrated an annotation accuracy of >90%, and highlighted the complementarity of sequence- and structure-based methods. Further evaluation of ProtPen included its application to biologically relevant data sets, comprising proteins of unknown function that exhibited significant differential abundances in a proteomics data set of P. aeruginosa, and uncharacterized glycoproteins from Haloferax volcanii. ProtPen is readily extensible to incorporate additional protein function prediction tools. In summary, this pipeline facilitates the systemwide annotation of proteins of unknown function from proteomic data sets and whole proteomes."
"pubmed","42695783","10.7554/eLife.108186","Squidly harnesses enzyme functional hierarchy and contrastive learning to efficiently predict catalytic residues from sequence.","Rieger, William J F; Boden, Mikael; Arnold, Frances; Mora, Ariane","eLife","2026-09-04","https://pubmed.ncbi.nlm.nih.gov/42695783/","Enzymes present a sustainable alternative to traditional chemical industries, drug synthesis, and bioremediation applications. Because catalytic residues are the key amino acids that drive enzyme function, their accurate prediction facilitates enzyme function prediction. Sequence similarity-based approaches such as BLAST are fast but require previously annotated homologues. Machine-learning (ML) approaches aim to overcome this limitation; however, current gold-standard ML-based methods require high-quality 3D structures limiting their application to large datasets. To address these challenges, we developed Squidly, a sequence-only tool that leverages contrastive representation learning with a biology-informed, rationally designed pairing scheme to distinguish catalytic from non-catalytic residues using per-token Protein Language Model embeddings. Squidly surpasses state-of-the-art ML annotation methods in catalytic residue prediction while remaining sufficiently fast to enable wide-scale screening of databases. We ensemble Squidly with BLAST to provide an efficient tool that annotates catalytic residues with high precision and recall for both in- and out-of-distribution sequences."
"pubmed","42693924","10.1093/bioinformatics/btag663","ABAG-Rank: Improving Model Selection of AlphaFold Antibody-Antigen Complexes by Learning to Rank.","Tadiello, Matteo; Ludaic, Marko; Viliuga, Vsevolod; Elofsson, Arne","Bioinformatics (Oxford, England)","2026-09-04","https://pubmed.ncbi.nlm.nih.gov/42693924/","MOTIVATION: AlphaFold has transformed structural biology with an unprecedented accuracy in modelling protein structures and their interactions with biomolecules, with AlphaFold3 (AF3) achieving state-of-the-art performance. However, AF3 and other methods often struggle to accurately predict the structure of protein complexes that lack strong co-evolutionary information, such as antibody-antigen (Ab-Ag) complexes. One of the fundamental issues is that AF3 often generates accurate predictions, but fails to reliably distinguish them from the much larger set of incorrect ones. RESULTS: To address this, we propose ABAG-Rank, a deep neural network that provides an efficient and robust solution for model selection of Ab-Ag interactions from a pool of structural ensembles predicted with AlphaFold. Built on the permutation-invariant DeepSets architecture, ABAG-Rank can process variable-sized ensembles of structural decoys and is directly applicable to prediction settings in which the number of candidates may vary. We train a model on a redundancy-reduced set of all known antibody-antigen complexes and find that simple geometric descriptors, along with confidence scores from AlphaFold, provide rich information about interface quality without requiring intensive physics-based calculations. Our experiments demonstrate that ABAG-Rank significantly outperforms AF3 internal scoring and the ranking performance of existing deep learning baselines. AVAILABILITY AND IMPLEMENTATION: Source code can be found at: https://github.com/tadteo/ABAG-Rank or on Zenodo at https://doi.org/10.5281/zenodo.21132090. SUPPLEMENTARY MATERIAL: Supplementary data are available at Bioinformatics online."
"pubmed","42693796","10.1042/BCJ20260179","Graph-based representations in modern protein science.","Matthews, Dana S; Pulsford, Sacha B; Barancewicz, Anthony; Chen, John Z; Gall, Barnabas; Sandhu, Mahakaran; Spence, Matthew A; Jackson, Colin J","The Biochemical journal","2026-09-04","https://pubmed.ncbi.nlm.nih.gov/42693796/","For more than 50 years, the linear sequence and the multiple sequence alignment have been the foundational data structures of protein science, and they remain central to homology search, phylogenetic inference, covariance-based contact prediction, and modern protein language models. However, relational and graph-based representations are increasingly being adopted alongside sequence-based methods to capture biological relationships that linear data structures express only implicitly. Proteins fold as three-dimensional residue interaction networks, evolve through high-dimensional genotype networks defined by mutational connectivity, and operate within cellular protein-protein interaction graphs. Here, we review how graph theory is being used to describe and understand these relationships across protein science, with an emphasis on what these methods offer biochemists working on enzyme superfamilies, protein engineering, drug targets, and functional annotation. We trace the development of these ideas from early theoretical topologies, through statistical coupling and the structural network analyses, to the geometric and graph-like representations used in recent machine-learning-driven advances. Throughout, we emphasise that graphs do not replace sequences or MSAs but provide a complementary representation for biochemical relationships that are difficult to express in one dimension."
"pubmed","42693585","10.1002/advs.77501","DyProL: Dynamic Ensemble Representation Learning for Protein-Nucleic Acid Binding Site Prediction.","Li, Pengpai; Liu, Yiman; Liang, Liya; Liu, Rongming","Advanced science (Weinheim, Baden-Wurttemberg, Germany)","2026-09-04","https://pubmed.ncbi.nlm.nih.gov/42693585/","Protein-nucleic acid interactions play central roles in gene regulation and cellular function, and extensive efforts have been devoted to predicting nucleic acid binding sites from protein structures. However, protein-nucleic acid recognition is inherently dynamic, whereas most existing computational approaches rely on single static conformations, limiting their ability to capture conformational heterogeneity underlying binding. Here, we present DyProL, an ensemble-based conformational representation learning framework that models proteins as ensembles of conformations sampled from equilibrium-like structural distributions. DyProL learns dynamic structural features through iterative aggregation of intra- and inter-conformation geometric information, enabling representation of both local structural context and global conformational variability. Across multiple benchmarks, DyProL consistently outperforms state-of-the-art methods in nucleic acid binding site prediction, with particularly pronounced improvements under realistic settings using predicted or apo-like structures, where static methods degrade substantially. These results establish dynamic ensemble-based representations as a general and scalable paradigm for structure-based protein modeling, providing a foundation for improving a broad range of protein function prediction tasks."
"pubmed","42693314","10.1007/s11030-026-11714-z","De novo generation and computational screening of dual-targeting short peptide inhibitors against PBP2b and PBP2x in drug-resistant Streptococcus Pneumoniae.","Li, Zhizhi; Tian, Fang; Jiang, Shuning; Dong, Shanshan; Tian, Feifei","Molecular diversity","2026-09-04","https://pubmed.ncbi.nlm.nih.gov/42693314/","Deep learning has greatly advanced de novo protein design, yet its application to rational short peptide design remains underexplored. Here, we developed SPB-Seeker (Short Peptide Binder Seeker), an integrated pipeline combining deep learning-based generative models with computational chemistry screening to discover dual-target short peptide inhibitors. Using penicillin-binding proteins PBP2b and PBP2x from drug-resistant Streptococcus pneumoniae as targets, AFDesign, RFdiffusion, and BoltzGen were employed to generate an initial library of 1101 candidate sequences. Subsequently, ESM2 was employed to extract sequence embeddings for diversity analysis, which revealed distinct algorithmic biases among the three generative models, and was then used as the feature extractor of a prediction framework for early-stage toxicity screening. Candidates were further prioritized through molecular docking, tiered molecular dynamics simulations, and MM/PB(GB)SA binding free energy calculations. Three peptides, AFD1, BG3, and RFD2, showed high binding stability, with BG3 displaying the strongest dual-target binding, achieving binding free energies of - 52.777 kcal/mol for PBP2b and - 74.071 kcal/mol for PBP2x. Interestingly, quantum chemical calculations using cluster model and the Interaction Region Indicator (IRI) method analyses indicated that BG3 adopts a stable cyclic-like conformation when bound to PBP2x, driven by proline-induced turns, intramolecular hydrogen bonds, and terminal C-H...pi interactions. Overall, SPB-Seeker provides an extensible computational framework for targeted short peptide binder discovery and offers a basis for subsequent affinity optimization and stability enhancement."
"pubmed","42692860","10.1080/07391102.2026.2726980","Assessing the pathogenic potential of PIK3CA gene variants in human cancer using a computational approach.","Detroja, Rajtilak; Chakraborty, Joydeep; Kulkarni, Mandar; Panchal, Ketankumar; Jain, Neeraj; Desai, Mansi","Journal of biomolecular structure & dynamics","2026-09-03","https://pubmed.ncbi.nlm.nih.gov/42692860/","The phosphatidylinositol-4,5-bisphosphate 3-kinase catalytic subunit alpha (p110alpha) is a key lipid kinase encoded by PIK3CA gene that regulates multiple intracellular signaling pathways. The nsSNPs within PIK3CA can alter protein structure and function, thereby influencing cellular processes and increasing susceptibility to various types of cancers. This study aimed to systematically evaluate the consequences of nsSNPs in PIK3CA, and their potential influence on protein behavior and drug interaction. A comprehensive set of in silico tools-including functional impact predictors, structural stability analyzers, conservation-based algorithms, and protein property assessment tools-was employed to investigate the consequences of nsSNPs. Structural modeling was performed to generate native and mutant p110alpha structures, followed by molecular docking to evaluate how these variants influence binding affinity with Alpelisib. Ten nsSNPs-G363V, R398C, R555K, C769G, F801C, R808W, R808Q, E849K, E849G, and R992Q-were consistently predicted to be deleterious across all functional prediction platforms and were found to affect evolutionarily conserved residues or domains. Among these, six variants (R398C, C769G, F801C, R808W, R808Q, and R992Q) were further predicted to significantly alter physicochemical protein properties. Docking analyses revealed variant-specific shifts in binding affinity. R555K displaying the highest affinity even higher than native and R398C showing lowest affinity toward Alpelisib. These suggest a potentially altered or dysregulated drug-protein interaction. However, the biological benefit or detriment of this shift warrants further experimental evaluation. The findings of this study may enhances our understanding of how PIK3CA variants contribute to predict disease risk and may support future precision-medicine approaches targeting the PI3K pathway."
"pubmed","42692754","10.1016/bs.mie.2026.05.045","Critical structural features of HDAC11 inhibitors.","Dasgupta, Indrasis; Sinha, Srijoni; Gayen, Shovanlal","Methods in enzymology","2026-09-03","https://pubmed.ncbi.nlm.nih.gov/42692754/","Histone deacetylase 11 (HDAC11), the sole member of the class IV HDACs, has gained significance as a key regulator of a wide range of physiological and pathological processes. The structural characterization of HDAC11 remains challenging due to the absence of an experimentally determined crystal structure. Proper analysis of reported HDAC11 inhibitors can yield valuable insights into the key structural fingerprints essential for inhibition. Using a diverse range of descriptor sets, including various 2D descriptors and fingerprint-based descriptors, it becomes possible to effectively identify critical structural features associated with HDAC11 inhibitory activity. These fingerprints enable the recognition of substructural features that play an important role in binding within the HDAC11 catalytic site and in achieving selective inhibition. In the present chapter, various computational methodologies, including Bayesian classification, Recursive partitioning approaches and machine learning-based classification models, have been discussed in a user-friendly manner to identify the critical structural features required for effective HDAC11 inhibition. The insights derived from these approaches are expected to assist researchers in the rational design of selective HDAC11 inhibitors, which may be further validated through experimental studies."
"pubmed","42692654","10.1016/j.foodres.2026.120157","A new perspective on protein gelation regulation based on the ""skeleton effect"" of ovomucin: from molecular interactions to network structure.","He, Mengyu; Liu, Xin; Yang, Yanting; Ouyang, Hui; Gao, Ying; Ma, Lulu; Huo, Jiaying; Dong, Shijian; Li, Shugang","Food research international (Ottawa, Ont.)","2026-09-03","https://pubmed.ncbi.nlm.nih.gov/42692654/","Previous studies have found that ovomucin (OVM) exerted a ""skeleton effect"" in egg-white thermal gels, but few studies have investigated its regulatory role in other protein systems. To expore whether the scaffolding behavior previously observed in egg-white systems can be extended to structurally different protein matrices, this study investigated the structure-dependent scaffolding effects of OVM on the thermal gelation of two separate OVM-containing protein systems: one was based on a typical plant protein, pea protein isolate (PPI), and the other was based on an animal protein, myofibrillar protein (MP). By integrating textural, rheological, microstructural, SAXS, R(net)/R(non), and molecular docking analyses, this study provided multiscale evidence for the structure-dependent regulatory effects of OVM on PPI and MP thermal gels. For PPI, the addition of OVM increased the gel hardness to approximately 5.0 times that of the PPI control, raised the network protein content to 83.50%, and resulted in the formation of a dense lamellar structure. These changes were associated with improved structural order and connectivity of protein aggregates after OVM addition. Conversely, in the fibrous MP system, OVM appeared to contribute mainly to localized reinforcement and inter-fiber association. While the gel hardness increased, the elasticity decreased, and the network exhibited a porous structure with thick intertwined fibers. Molecular docking simulations suggested that Mucin 5B had a stronger tendency for non-covalent recognition with MP than with PPI. These predicted interactions may provide initial anchoring sites on fibrous MP, whereas the final gel network was likely further stabilized by heat-induced covalent interactions. These findings suggested a possible structure-dependent regulatory mode by which OVM differentially modulated the gel properties of globular PPI and fibrous MP, providing useful theoretical guidance for precision gel modification and the structural design of plant-based and hybrid plant-animal protein foods."
"pubmed","42692011","10.1016/j.stemcr.2026.103075","Methylome profiling of SetDB1-deficient ESCs reveals coordinated epigenetic cross-talk during pluripotency.","Bovee, Nick G P; Habibi, Ehsan; Liu, Zicong; Hoogland, Stefan H A; Frolich, Siebren; Diepenbroek, Danielle; Bosman, Kim C M; Arand, Julia; Maksakova, Irina A; Kranenbarg, Anouk Klein; Walter, Jorn; Brinkman, Arie B; Mulder, Klaas W; Jansen, Joop H; Vermeulen, Michiel; Lorincz, Matthew; Stunnenberg, Hendrik G; Marks, Hendrik","Stem cell reports","2026-09-03","https://pubmed.ncbi.nlm.nih.gov/42692011/","SetDB1 is best known for catalyzing H3K9me3, but it also influences H3K27me3 deposition, CTCF-binding, and DNA methylation (DNAme). Given the interplay between DNAme and the other epigenetic features, we profiled DNAme following Setdb1 knockout (KO) in ground-state and serum-grown mouse embryonic stem cells (ESCs) to illuminate DNAme-dependent and -independent functions of SetDB1. Time-course whole-genome bisulfite sequencing of serum-grown ESCs shows that nearly half of SetDB1 binding sites are enriched with DNAme and H3K9me3, primarily at retrotransposons. Upon Setdb1 KO, both H3K9me3 and DNAme are reduced, with DNAme rapidly removed at many sites by TET enzymes. Some retrotransposons, primarily IAPs, are TET-resistant and lose DNAme slowly via passive dilution. Notably, SetDB1-mediated regulation of H3K27me3, CTCF-binding, and SMAD3 are uncoupled from the DNAme-H3K9me3 axis, and from each other. AlphaFold modeling and co-immunoprecipitation mass spectrometry suggest this uncoupling involves competitive binding to distinct SetDB1 protein domains, highlighting the complex coordination underlying SetDB1 functions."
"pubmed","42691505","10.1093/bib/bbag461","Comprehensive evaluation of AlphaFold/OpenFold prediction of experimentally unresolved proteins through novel metrics.","Diaz, Florencia R; Orschanski, Daniela; Folco, Juan I; Ceci, Juana Espain; Nibeyro, Guadalupe; Robles Vega, Horderlin; Nicola, Juan P; Fernandez, Elmer A","Briefings in bioinformatics","2026-09-03","https://pubmed.ncbi.nlm.nih.gov/42691505/","Predicting accurate protein structures is essential for understanding molecular mechanisms, interpreting the impact of sequence variation, and supporting translational applications ranging from drug discovery to clinical genomics. Recent advances in deep-learning-based predictors such as AlphaFold2, OpenFold, and AlphaFold3 have transformed structural biology, enabling routine in silico modeling even for challenging or previously uncharacterized proteins. However, systematic benchmarking of these tools-especially for novel targets and single amino acid variants-remains limited. Conventional global metrics often fail to capture biologically meaningful discrepancies. By evaluating multiple implementations of AlphaFold2 and OpenFold, together with ColabFold and the AlphaFold3 server, across 10 different proteins and 222 single amino acid protein variants encompassing a wide range of sizes, structures, and functions, we show that although widely used global indicators-like mean pLDDT, pTM-score, and RMSD-frequently suggest comparable performance, substantial local-level differences remain elusive. To address this gap, we introduce a comparative framework leveraging Bland-Altman agreement analysis, to evaluate per-residue Calpha-confidence differences and Per-Residue profiles (PRPs), complemented by Uniform Manifold Approximation and Projection (UMAP). This approach reveals marked localized divergences, particularly within flexible or intrinsically disordered regions, where both predictor choice and single-residue substitutions trigger the largest conformational shifts. We further demonstrate that using reduced homology databases has minimal impact on predicted structural quality, offering computationally efficient alternatives. Collectively, our findings underscore the importance of integrating global and residue-specific evaluations to more accurately assess robustness, agreement, and practical usability across contemporary protein structure prediction methods."
"pubmed","42691420","10.1021/acs.jpcb.6c02971","Impact of Phosphorylation on the Conformational Landscape and Aggregation Behavior of Abeta40: A Comprehensive Computational Study.","Ye, Zaihang; Wang, Chen; Tu, Bin; Yang, Yanlian; Fang, Qiaojun","The journal of physical chemistry. B","2026-09-03","https://pubmed.ncbi.nlm.nih.gov/42691420/","Phosphorylation of amyloid-beta (Abeta40) at Ser8 and Ser26 exerts opposing effects on fibril formation: Ser8 phosphorylation promotes aggregation, whereas Ser26 phosphorylation strongly inhibits it. Using replica exchange with solute tempering (REST2) simulations and coarse-grained modeling, we reveal the atomic-level mechanisms underlying these effects. Ser26 phosphorylation forms a highly stable pS26-K28 salt bridge that competes with and disrupts the native E22/D23-K28 interaction required for hairpin formation and fibrillization, yielding a compact, globular conformation that is aggregation-incompetent. In contrast, Ser8 phosphorylation stabilizes the hairpin structure with a preformed N-terminal attachment (the S* structure) via pS8-K16/K28 salt bridges, lowering the entropic barrier for N-terminal alignment. This mechanism aligns with experimental observations that pS8 fibrils gain stability due to N-terminal incorporation into the fibril core, thereby promoting fibrillization. Together, these results demonstrate that monomeric conformational landscapes directly encode aggregation propensity, providing a mechanistic framework for understanding how post-translational modifications modulate amyloid assembly pathways."
"pubmed","42691413","10.1021/acs.jpcb.6c04178","Conformational Features of Abeta25-35 and Its Mutants Suggest Toxic Structural Determinants: Insights from REST2 Simulations.","Mo, Yuxiang; Hou, Yonghui; Su, Rui; Huang, Zhijing; Tang, Guoning; Du, Liang; Lu, Yan","The journal of physical chemistry. B","2026-09-03","https://pubmed.ncbi.nlm.nih.gov/42691413/","The Abeta25-35 fragment is the shortest proteolytic fragment retaining the core neurotoxicity of full-length Alzheimer's amyloid-beta (Abeta). To elucidate the structure-neurotoxicity relationships, we performed replica exchange with solute tempering 2 (REST2) simulations on wild-type (WT), N27A (less toxic), and M35A (more toxic) Abeta25-35 hexamers in explicit solvent. Our simulations show that N27A, WT, and M35A hexamers predominantly adopt 4-stranded, 6-stranded, and 5-stranded beta-barrels, respectively, driven by hydrophobic interactions within residues I30-G33. Hydrogen bond counts and binding energies for adjacent peptide contacts and peptide-water interactions indicate that both beta-barrel disassembly propensity and N-terminal hydration (residues G25-K28) correlate with the cytotoxicity trend (N27A < WT < M35A). Integrating our findings with established membrane damage mechanisms, we propose that (I) the disassembly propensity of dominant beta-barrels governs their transition from off-pathway states to cytotoxic oligomers, and (II) N-terminal domain exposure (G25-K28) in on-pathway intermediates modulates peptide-membrane interactions. To reduce Abeta25-35 oligomeric toxicity, we recommend inhibiting hydrophobic core residues (A30-G33) to suppress aggregation and modulating N-terminal contacts to limit solvent exposure and membrane binding. Our simulations provide new insights into WT and mutant Abeta25-35 cytotoxicity and suggest therapeutic strategies for its attenuation."
"pubmed","42691401","10.1021/acs.jpcb.6c02175","Unraveling Specific Binding Sites of Pulmonary Surfactants on the Coronavirus Spike Protein Receptor-Binding Domain.","Santo, Kolattukudy P; Jaworski, Ryan; Neimark, Alexander V","The journal of physical chemistry. B","2026-09-03","https://pubmed.ncbi.nlm.nih.gov/42691401/","The lung surfactant (LS) coating the alveoli is the first barrier to airborne pathogens, such as coronaviruses, which may prevent lung infection. It is essential to understand the interactions of virion structural units with LS for efficient pharmaceutical design and formulation. Since virions inevitably pass through LS, both inhibitory as well as facilitatory interactions of the LS lipids with viral proteins and the viral envelope play a crucial role in the virus's fate in the respiratory system. In this work, by means of multiscale molecular dynamics simulations, we investigate the interactions of five LS lipids with the receptor-binding domain (RBD) of the SARS-CoV-2 Spike protein. By performing coarse-grained (CG) simulations of spontaneous protein-ligand binding, we identify six potential surfactant binding sites (SBS) on the RBD protein. We find that all surfactants bind to the binding pocket identified as the fatty acid binding site (FABS) that has allosteric effects on RBD-ACE2 binding. CG simulations reveal that FABS is the preferred binding site for several phospholipids and cholesterol. Subsequent atomistic simulations of the back-transformed CG bound poses reveal high surfactant binding enthalpies (-26 to -60 kcal/mol) at FABS and surfactant-selective behavior of FABS-bound protein-surfactant complexes. Although this study considers only isolated RBD in the absence of glycans, our results suggest that unsaturated lipids POPG and POPI (palmitoyl oleoylphosphatidylglycerolinositol) may exert inhibitory effects, while DPPC (dipalmitoylphosphatidylcholine) and cholesterol may have facilitatory effects on viral infection. Our simulations provide valuable guidance on pharmaceutical design and future research on the pathology of coronavirus."
"pubmed","42690977","10.1109/TNNLS.2026.3727640","Retrieval-Augmented Residual Graph Neural Network for Protein-Protein Interaction Site Prediction.","Mi, Jia; Liu, Yawen; Chu, Chong; Li, Chang; Wan, Jing; Wang, Kunfeng","IEEE transactions on neural networks and learning systems","2026-09-03","https://pubmed.ncbi.nlm.nih.gov/42690977/","Accurate prediction of protein-protein interaction sites (PPISs) plays a crucial role in understanding protein function, elucidating disease mechanisms, and facilitating drug target discovery. Although conventional approaches based on sequence or structural features have shown promising results, they still face several challenges. These challenges include oversmoothing in deep graph neural networks (GNNs) and poor generalization to domain-specific data. To address these issues, we propose RGLLA-PPIS, a novel multimodal prediction model that integrates retrieval-augmented learning and residual GNNs for PPIS identification. In RGLLA-PPIS, protein graphs are constructed by combining AlphaFold3 (AF3)-predicted protein structures with multiple sequence-derived features. To effectively capture both local and global spatial dependencies, the model employs equivariant GNN (EGNN) and GCN modules with residual connections, which help alleviate the oversmoothing problem and preserve node-level variability. Moreover, during prediction, we used the retrieval-augmented knowledge provided by the pretrained protein language model (PLM) Evolla and ChatGPT-4o to construct semantic priors to supplement potential functional site information and enhance the generalization capacity of the prediction model. Extensive experiments on benchmark datasets show that RGLLA-PPIS outperforms several state-of-the-art baselines in both accuracy and robustness. Furthermore, comparison with wet-lab results on a domain-specific protein system reveals a strong correspondence between experimental functional sites and the high-probability regions predicted by RGLLA-PPIS. This demonstrates the model's potential to guide real-world protein engineering tasks. The source code can be found at: https://github.com/MiJia-ID/RGLLA-PPIS."
"pubmed","42690754","10.1021/jasms.6c00188","Computational Simulations of Biofilm-Associated Proteins Generated by Pathogenic Escherichia coli Identified by MALDI-TOF-TOF Mass Spectrometry and Top-Down Protein Analysis.","Koirala, Mahesh; Shi, Yanlin; Carter, Michelle Q; Fagerquist, Clifton K","Journal of the American Society for Mass Spectrometry","2026-09-03","https://pubmed.ncbi.nlm.nih.gov/42690754/","Five proteins extracted from bacterial biofilms of a pathogenic Escherichia coli strain were identified by MALDI-TOF-TOF mass spectrometry and top-down protein analysis. They are cold-shock proteins CspC and CspE, DNA-binding proteins HU-alpha and HU-beta and CsgA (the major subunit of curli). The fragmentation efficiency of these singly charged protein ions varied considerably. The pattern of fragment ions obtained from tandem mass spectrometry postsource decay of these protein ions was compared to in silico protein structures obtained using AlphaFold3 to better understand the factors that contribute to their gas phase dissociation as well as their likelihood of unfolding during MALDI sample preparation. Molecular dynamic simulations were performed to calculate the root-mean-square fluctuations (RMSF) of Calpha atoms and root-mean-square deviation (RMSD) of the protein backbone to assess their propensity to unfold/denature during MALDI sample preparation. A molecular dynamics simulation was performed on a curli multimer composed of one CsgB (the minor curli subunit) and five CsgA which showed rapid disintegration of this short curli complex in hexafluoro-isopropanol (HFIP) consistent with experimental observations. Strong hydrogen bonding of HFIP appears to disrupt the intermolecular hydrogen bonds of this amyloid protein complex but does not unfold CsgA monomer because of 138 intramolecular hydrogen bonds present in its solenoidal beta-sheet structure. Finally, electrostatic analysis of the curli complex reveals partitioned regions of positive and negative charge along the fibril axis that may facilitate its assembly."
"pubmed","42690469","10.1007/s10822-026-00936-w","Stable simulations do not guarantee functional engagement: a case study of off-target prediction for Seladelpar and Zanamivir.","Kemp, Rachel; Kean, Thomas J; Medvedev, Kirill E","Journal of computer-aided molecular design","2026-09-03","https://pubmed.ncbi.nlm.nih.gov/42690469/","Identifying off-target interactions of approved drugs is important to anticipate side effects and uncover repurposing opportunities. Computational pipelines combining structural homology, structure prediction, and molecular dynamics (MD) simulations offer a promising strategy, but it remains unclear whether stable, control-like MD trajectories reliably indicate functional engagement. We examined this in a case study of two approved drugs. Using the Evolutionary Classification of Protein Domains (ECOD) framework to select candidate off-targets, we modeled each drug-protein complex as two independent AlphaFold3 models and simulated both by MD, for Seladelpar (a PPARdelta agonist) and Zanamivir, an influenza neuraminidase inhibitor that also inhibits human Sialidase-2 (NEU2). Candidates were ranked by the similarity of global MD descriptors to the on-target control. For Seladelpar, the three top-ranked candidates (FXR, RARgamma, ERRgamma) were tested experimentally; the Zanamivir set was analyzed computationally only. None showed measurable activity in reporter or thermal shift assays, despite stable simulations and descriptor values comparable to the control. Including PPARalpha and PPARgamma as weak-positive comparators, these descriptors did not rank genuine interactions closer to the control than inactive candidates. Residue-level comparison with experimental structures showed the predicted poses reproduced only part of the canonical contacts. Where experimental drug-bound structures existed, AlphaFold3 reproduced the pose for PPARalpha but not PPARgamma, and its per-model confidence did not track pose accuracy. Within this case study, the specific global descriptors examined reflect complex stability rather than functional engagement, which does not mean MD-based approaches cannot make this distinction."
"pubmed","42689710","10.1021/acsnano.6c07948","Molecular Design Principles for Photosystem I-Based Biohybrid Solar Fuel Catalysts.","Emerson, Maximino D; Damaraju, Siva Naga Sai; Short, Audrey H; Alvord, Zachary B; Palmer, Zsolt A; Mehra, Himanshu S; Brininger, Christian M; Vermaas, Josh V; Utschig, Lisa M; Gisriel, Christopher J","ACS nano","2026-09-03","https://pubmed.ncbi.nlm.nih.gov/42689710/","Direct solar-to-chemical conversion offers a compelling route to clean, dispatchable energy. Photosystem I (PSI), an evolutionarily optimized light-driven oxidoreductase, can be repurposed for solar-fuel production by coupling its photochemistry to catalytic interfaces. However, the molecular determinants that govern productive electron transfer to abiotic catalysts remain poorly understood. Here, we present molecular structures of active PSI-Pt nanoparticle (PtNP) biohybrids that reveal how protein architecture controls catalyst access, binding geometry, and photocatalytic efficiency. Removal of stromal subunits exposes the electron transfer chain and enables PtNP binding proximal to the FX cluster, demonstrating that steric occlusion limits access to native acceptor regions in PSI. In contrast, in trimeric PSI, PtNPs bind at multiple sites per monomer, but only a subset are positioned within electron transfer distance of terminal cofactors, resulting in a heterogeneous population of productive and nonproductive configurations. Structural analyses and molecular dynamics simulations define the interface topology, electrostatics, and cofactor-to-nanoparticle distances that govern catalyst binding and electron transfer. These results establish that catalytic inefficiency arises not only from intrinsic electron transfer constraints but also from the distribution of binding geometries imposed by the protein scaffold. Together, these findings provide a molecular framework linking protein structure to biohybrid function and define design principles for engineering PSI-based solar fuel systems and protein-nanomaterial interfaces for light-driven catalysis."
"pubmed","42689656","10.1021/acs.langmuir.6c01915","Cholesterol-Enriched Membranes Reshape the Conformational Ensemble and Interfacial Mechanics of ACE2.","Orzel, Urszula; Filipek, Slawomir; Moreira, Irina S","Langmuir : the ACS journal of surfaces and colloids","2026-09-03","https://pubmed.ncbi.nlm.nih.gov/42689656/","Angiotensin-converting enzyme 2 (ACE2) is a type I transmembrane protein that functions as the primary entry receptor for severe acute respiratory syndrome coronavirus 2 (SARS-CoV-2). ACE2 comprises a zinc-dependent extracellular domain (ECD) and forms homodimers, as resolved by cryoelectron microscopy (cryo-EM). Experimental evidence indicates that membrane lipid composition, particularly cholesterol enrichment and partitioning into lipid raft microdomains, modulates ACE2 organization. However, the molecular mechanisms by which the lipid environment governs ACE2 conformational dynamics and oligomeric stability remain insufficiently characterized. Here, we performed multireplica all-atom molecular dynamics (MD) simulations of monomeric and dimeric ACE2 embedded in membrane models spanning fluid phospholipid bilayers to cholesterol- and sphingolipid-enriched raft-like environments. The membrane composition reproducibly reshaped ACE2 conformational ensembles. In fluid bilayers, monomeric ACE2 exhibited increased transmembrane (TM) helix tilting and enhanced bending of the ECD toward the membrane surface, resulting in a broader distribution of ECD orientations. This increased extracellular domain flexibility promotes conformations in which the spike-binding epitope is oriented toward the membrane, thereby reducing its geometric accessibility for viral attachment. Potential of mean force (PMF) profiles further supported the membrane-dependent shift in the energetic landscape of monomeric ACE2. In contrast, raft-like membranes restricted large-scale motions, favored smaller TM helix tilt angles, and stabilized a more upright ECD orientation. Together, these findings support the coupling between the transmembrane helix orientation and ECD positioning, whereby the lipid environment modulates the receptor-scale conformational flexibility. Moreover, in ACE2 homodimers, cholesterol-rich environments are associated with reduced interprotomer fluctuations, supporting the membrane-dependent modulation of dimer dynamics. These results identify membrane composition as a conformational gatekeeper of ACE2, coupling bilayer organization to receptor structural ensembles and regulating the accessibility of the viral-binding interface."
"pubmed","42689531","10.1021/acs.biochem.6c00266","Mechanistic Characterization of GedF Reveals a Ser-Tyr Catalytic Core with a Flexible Basic Residue in a Filamentous Fungal Anthraquinone SDR.","Xu, Ning; Wu, Yongsong; Liu, Dan; Zhang, Keke; Wu, Danni; Du, Siyu; Huang, Xuenian; Lu, Xuefeng; Ma, Honglei; Qi, Feifei","Biochemistry","2026-09-03","https://pubmed.ncbi.nlm.nih.gov/42689531/","The cleavage of the C10-C4a bond in anthraquinones is a key step in generating ring-opened quinone derivatives in filamentous fungi. GedF, a short-chain dehydrogenase/reductase (SDR) from Aspergillus terreus, together with the dioxygenase GedK, mediates this transformation, yet the enzymatic mechanism of GedF remains unclear. Here, isotope labeling experiments confirm that reduction of Questin-to-Questin hydroquinone incorporates one proton from NADPH and one from water. Structural modeling, molecular docking, and site-directed mutagenesis reveal that GedF employs a noncanonical catalytic architecture featuring a conserved Ser-Tyr catalytic core instead of the classical Asn-Ser-Tyr-Lys tetrad typical of SDRs. Notably, mutagenesis and comparative analysis indicate that a positively charged residue is required for catalysis but is not strictly position-conserved, consistent with a role in maintaining the catalytic microenvironment and facilitating proton transfer. Phylogenetic and sequence analyses show that GedF belongs to the NAD(P)H-dependent SDR clade, and that variation in the positioning of basic residues occurs among homologues while preserving the conserved Ser-Tyr catalytic core. These findings elucidate the catalytic mechanism of GedF and uncover an alternative SDR catalytic strategy involved in anthraquinone ring-opening biosynthesis in filamentous fungi."
"pubmed","42686908","10.1038/s41586-026-10952-3","Creating bottom-up RNA transfer vehicles from synthetic protein assemblies.","Schuhmacher, Maren Kirstin; Gruber, Christoph; Lang, Christopher M R; Ruijpers, Ricardo M W; Mazneykova, Lyupka; Beinsteiner, Brice; Krus, Ariane; Tremmel, Barbara; Reinhardt, Friederike; Kadletz, Karoline; Ma, Zhe; Casalta, Lucie; Cambra Bort, Josep Miquel; Otify, Dina Y; Balken, Iolo; Hetzel, Leon; Merl-Pham, Juliane; Dorn, Tatjana; Luchner, Marina; Bauersachs, Lea; Ganea, Karin; Wieser, Natascha; Emrich, Alexander; Yagmur, Emirhan; Rager, Katrin; Sagindykova, Gauhar; Armbrust, Niklas; Geilenkeuser, Julian; Westmeyer, Gil G; Becirovic, Elvir; Biel, Martin; Istvanffy, Rouzanna; Vogt Weisenhorn, Daniela M; Truong, Dong-Jiunn Jeffery; Theis, Fabian J; Ebert, Gregor; Moretti, Alessandra; Erturk, Ali; Bahr, Andrea; Kupatt, Christian; Jasnin, Marion; Klymiuk, Nikolai; Giesert, Florian; Wurst, Wolfgang","Nature","2026-09-03","https://pubmed.ncbi.nlm.nih.gov/42686908/","Evolution guides biological systems to populate ecological niches, with viruses among the most successful examples of this principle. Viruses evolved over billions of years to efficiently transfer genetic information. Although viruses are highly diverse, most have converged towards remarkable similarity in the size and shape of their capsids(1,2). By contrast, generative models for protein design enable the creation of protein architectures that are absent from nature(3-5). Here we investigate whether protein assemblies designed by artificial intelligence can be functionalized to construct nucleic acid transport vehicles that are independent of evolutionary trajectories. By combining natural protein domains with synthetic protein assemblies, we create more than 100 bottom-up RNA transfer vehicles with unique sizes and shapes. These vehicles surpass the RNA transfer efficiency of widely used delivery vehicles by several orders of magnitude. In addition, we demonstrate that their tropism can be programmed by incorporation of computationally designed peptide binders and use them to deliver therapeutically relevant cargo RNAs into a wide range of cellular models. We show the in vivo biodistribution of one of these vehicles in a mouse at near-single-cell resolution, confirm its safety, and use it to perform a gene-editing treatment strategy for Duchenne muscular dystrophy in patient-derived cells and a pig. Our work demonstrates how proteins created by generative artificial intelligence can be harnessed for the rational engineering of RNA transport systems with the desired properties by overcoming the limitations of natural protein diversity."
"pubmed","42685627","10.1016/j.conb.2026.103265","Artificial intelligence is reshaping neuroscience across scales.","Mathis, Mackenzie Weygandt","Current opinion in neurobiology","2026-09-03","https://pubmed.ncbi.nlm.nih.gov/42685627/","Across every scale at which we study the brain, from folded proteins and single neurons to cortical populations and the moving body, artificial intelligence (AI) has shifted from a bespoke tool into a driver of measurement and, increasingly, a generative engine for hypotheses. Here, I review recent progress (and open challenges) in applying AI for neuroscience along this scale axis: structure prediction for proteins, simulation-based inference for biophysical neurons, latent and dynamical models for neural populations, task-trained networks as minimal models of circuit computation, computer vision for animal behavior, neuromusculoskeletal modeling for biomechanics, and the multimodal, agentic systems now promising to automate discovery itself."
"pubmed","42685421","10.1016/j.foodchem.2026.150801","Decoding structure-function synergies in plant proteins using AlphaFold and deep learning tools.","Unal, Evrim; Capanoglu, Esra; Can Karaca, Asli","Food chemistry","2026-09-03","https://pubmed.ncbi.nlm.nih.gov/42685421/","The transition to sustainable plant-based proteins requires a molecular-level understanding of structure-function relationships that traditional analytical techniques struggle to fully characterize. This comprehensive review explores the potential of artificial intelligence in elucidating the structure-function relationship of plant proteins, particularly addressing AlphaFold and deep learning-based structural predictors to bridge this characterization gap. Through neural network architectures including graph convolutional networks, attention-based transformers, and protein language models, primary sequences are mapped to three-dimensional structures and correlated with macroscopic techno-functional attributes. Comparative profiling of soybean glycinin, pea vicilin, and faba bean legumin demonstrates how computational modeling bridges genomic sequences with food material performance. Specifically, AlphaFold structural predictions reveal that soybean glycinin G1 possesses a total monomer solvent accessible surface area (SASA) of  approximately 18,500 A(2), a highly hydrophobic fraction of  approximately 41.2% ( approximately 7,622 A(2)), and 31 beta-sheet strands. This unique spatial topography, coupled with conserved disulfide bridges, specifically the mature intramolecular Cys12-Cys45 bond (precursor Cys35-Cys68) and the interchain disulfide bond involving mature acidic Cys88 (precursor Cys111) and basic Cys298 (precursor Cys321), explains its superior interfacial adsorption, film-forming capacity, and strong hydrogel network formation compared to pea vicilin, which lacks disulfide stabilization and has a lower hydrophobic fraction ( approximately 37.5%). However, a critical limitation has been identified: prior state modeling restricts AlphaFold predictions to static native conformations under idealized conditions (pLDDT: 84.35), whereas processing-dependent technological functionalities emerge in non-equilibrium states. Thus, structural templates need to be integrated with processing parameters (pH, temperature) and molecular dynamics to simulate conformational transitions and active site exposure; this represents a paradigm shift in computer-aided precision food design."
"pubmed","42685200","10.1126/sciadv.aeg1640","Aortic disease-linked mutations reveal unexpected convergent allosteric mechanisms of protein kinase G misregulation.","Martinez Pomier, Karla; Jahn, Leopold; VanSchouwen, Bryan; Mohamed, Hebatallah; Akimoto, Madoka; Jung, Sun Woo; Bertinetti, Daniela; Mehringer, Johannes; Della Libera, Leonardo; Cuello, Friederike; Herberg, Friedrich W; Melacini, Giuseppe","Science advances","2026-09-03","https://pubmed.ncbi.nlm.nih.gov/42685200/","Thoracic aortic aneurysms and dissections (TAAD) are life-threatening conditions linked to gain-of-function mutations in cGMP-dependent protein kinase I (PKG I), a central regulator of vascular smooth muscle signaling. Among these, substitutions at Val(234) have been associated with kinase overactivation and early-onset disease, despite this residue being distal from the active site and cGMP binding regions. Using NMR, molecular dynamics simulations, and complementary kinase and binding assays, we show that Val(234) acts as a crucial allosteric hub of PKG autoinhibition. TAAD-associated variants at Val(234) disrupt PKG regulation through two distinct yet complementary allosteric mechanisms: by biasing the kinase toward active conformations that increase sensitivity to cGMP and by decreasing the folding stability of the regulatory domain, thereby weakening inhibitory contacts independently of cGMP control. Despite these differences, both mechanisms result in excessive PKG signaling at basal and intermediate cGMP levels, while maximal activity remains unaltered. Together, these findings explain how distal mutations can unpredictably rewire kinase allostery and drive pathogenic vascular signaling."
"pubmed","42685073","10.1073/pnas.2609639123","Rapidly evolving aphid gall effector proteins exhibit saposin-like folds.","Bhinderwala, Fatema; Korgaonkar, Aishwarya; Gopalakrishna, Kota; Mathers, Thomas C; Shigenobu, Shuji; Bazan, J Fernando; Hogenhout, Saskia A; Calero, Guillermo; Gronenborn, Angela M; Stern, David L","Proceedings of the National Academy of Sciences of the United States of America","2026-09-03","https://pubmed.ncbi.nlm.nih.gov/42685073/","Many insects manipulate plants by injecting effector proteins. In one extreme example of this molecular ""hijacking,"" Hormaphis cornu aphids inject bicycle proteins into Hamamelis virginiana, contributing to the development of novel organs called galls. Bicycle proteins share no amino acid sequence similarity with proteins of known function. Here, we report the crystal structures of two divergent bicycle proteins. Both proteins contain saposin-like folds: one with multiple disulfide bonds exhibits a swapped domain topology; the other has no disulfide bonds and possesses two distinct, tandem domains. To explore the structural evolution of bicycle proteins, we attempted to predict bicycle protein structures with Alphafold2 (AF2) and other deep learning programs. While AF2 did not recover the two experimental structures using existing databases, it succeeded when provided with multiple sequence alignments (MSAs) of protein sequences from newly sequenced closely related species. Using this approach, we generated 2,400 high-confidence bicycle protein predictions from seven aphid species. While all aphid bicycle proteins contain predicted saposin-like folds, they display a vast diversity of structural and physicochemical properties. While this diversity thwarts prediction of conserved functions encoded in structure, it suggests that bicycle proteins have evolved to target diverse plant processes and/or to evade plant immune surveillance. Our extension of AF2 with custom MSAs of proteins from closely related species provides a generalizable, powerful approach for predicting structures of rapidly evolving protein families."
"pubmed","42683313","10.1039/d6ra04364j","Molecular recognition of VEGF(165) by DNA aptamers: insights from an integrated computational framework.","Mohanty, Biswajit; Munshi, Parthapratim","RSC advances","2026-09-02","https://pubmed.ncbi.nlm.nih.gov/42683313/","Vascular endothelial growth factor 165 (VEGF(165)) is a homodimeric angiogenic protein composed of a receptor-binding domain (RBD) and a heparin-binding domain (HBD) connected by a flexible linker. The absence of a complete experimental structure of full-length VEGF(165) has limited atomic-level understanding of its recognition by DNA aptamers. In this work, we reconstructed the full-length VEGF(165) structure. Accelerated molecular dynamics simulations were employed to generate a representative conformational ensemble for ensemble docking, followed by molecular dynamics simulations and MM/GBSA calculations to characterize the binding mechanisms, structural dynamics, and binding enthalpies of four anti-VEGF(165) DNA aptamers (del4, del5, SL(12), and SL(2)-B). The calculations revealed that all four aptamers predominantly bind to the HBD while forming limited secondary interactions with the RBD. Among the investigated aptamers, del5 and SL(2)-B exhibited the most favorable average binding enthalpies. The predicted binding enthalpy of SL(2)-B is consistent with its experimentally reported high binding affinity, supporting the computational predictions. The study also provides structural models of the interactions between the truncated aptamers del4 and del5 and VEGF(165), for which direct experimental binding data are currently unavailable. The favorable predicted binding enthalpy of del5 identifies it as a promising candidate for future experimental validation. These findings provide molecular-level insights into VEGF(165)-aptamer recognition and offer a structural basis for the rational design and optimization of anti-VEGF(165) DNA aptamers."
"pubmed","42682930","10.1039/d6sc02655a","Teaching diffusion models physics: reinforcement learning for physically valid diffusion-based docking.","Broster, J Henry; Popovic, Bojana; Kondinskaia, Diana; Deane, Charlotte M; Imrie, Fergus","Chemical science","2026-09-02","https://pubmed.ncbi.nlm.nih.gov/42682930/","Molecular docking aims to predict the binding conformation of a small molecule to its protein target. Recent work has proposed diffusion models for this task, from rigid-body docking that diffuses over ligand degrees of freedom to co-folding approaches that jointly generate protein structure and ligand pose. However, diffusion-based docking models have been shown to frequently produce physically implausible poses and fail to consistently recover key protein-ligand interactions. To address this, we introduce a reinforcement learning framework for training diffusion-based docking models directly on non-differentiable objectives. Fine-tuning DiffDock-Pocket for physical validity with our approach substantially increases the number of generated poses that are physically valid and interaction-preserving, with no increase in inference-time compute. Importantly, this comes without sacrificing structural accuracy; in fact, our approach increases the proportion of structures with near-native poses. These effects are most pronounced for protein targets that are dissimilar to the training data. Our fine-tuned DiffDock-Pocket model outperforms both classical docking algorithms and machine learning-based approaches on the PoseBusters set. Our results demonstrate that reinforcement learning can teach diffusion-based docking models to better respect physical constraints and recover key interactions, without the requirement to rely on inference-time corrections."
"pubmed","42681535","10.1007/978-1-0716-5284-8_11","RNA Structure and Its Function.","Sumi, Shunsuke; Ito, Fumiya; Xu, Ruiqi; Saito, Hirohide; Kawaguchi, Risa Karakida","Methods in molecular biology (Clifton, N.J.)","2026-09-02","https://pubmed.ncbi.nlm.nih.gov/42681535/","RNA molecules were once regarded merely as intermediates in the transmission of genetic information from DNA, but are now emerging as key players in complex cellular regulation. Driven by the recent discovery of diverse functions of non-coding and coding RNAs, a deep understanding of RNA structure, and ultimately their interaction has become essential for both basic and applied research in RNA biology, including drug discovery efforts targeting RNA. However, its inherent structural instability and variability have made experimental analyses, such as X-ray crystallography and NMR, challenging and often inadequate. For this reason, continuous efforts have been devoted to advancing computational structure prediction. With growing attention to the role of RNA as a signaling molecule, a vast amount of functional RNA sequence and structure data has been accumulated so that it makes it feasible to apply machine learning (ML) and artificial intelligence (AI) technologies to further enhance the power of computational structure analysis in a data-driven manner. In this section, we introduce current gold-standard RNA structure prediction approaches and cutting-edge ML methods that can contribute to inferring RNA functions. We first describe the basics of RNA structure classification and diverse non-coding functional RNAs identified so far. Next, the example use cases of several RNA analysis tools, including computational prediction with the aid of structure probing methods, are provided. Finally, we introduce software protocols for generating RNA family sequences using a novel methodology called RfamGen, enabling readers to explore how cutting-edge ML can be leveraged for not only structure prediction but also the design of artificial RNA sequences to engineer novel RNA functions."
"pubmed","42681357","10.1007/978-1-0716-5158-2_5","Using AlphaFold3 for the Interrogation of Protein Disulfide Bonds.","Pijning, Aster E","Methods in molecular biology (Clifton, N.J.)","2026-09-02","https://pubmed.ncbi.nlm.nih.gov/42681357/","Disulfide bonds play critical roles in stabilizing protein structure and modulating protein function. Traditional approaches to studying these bonds have often relied on generating cysteine mutations to remove disulfide bonds, followed by labor-intensive biochemical characterization of the resulting variants. With the advent of AlphaFold3 (AF3) by Google DeepMind, in silico structural interrogation of disulfide bonds has been made possible. By integrating AF3's predictive capabilities with PyMOL-based structural analysis, researchers can rapidly assess the structural impact of removing disulfide bonds. This workflow provides informed predictions regarding the functional consequences of such modifications and enables investigators to refine hypotheses for other experimental approaches. Here, we describe a practical protocol for employing AF3 to investigate the contribution of disulfide bonds to protein stability and function."
"pubmed","42681346","10.1007/978-1-0716-5186-5_11","Design and Optimization of BRIL Fusion Constructs for Membrane Protein Cryo-EM Studies.","Chidananda, Amrutha H; Perez, Camilo","Methods in molecular biology (Clifton, N.J.)","2026-09-02","https://pubmed.ncbi.nlm.nih.gov/42681346/","Structural determination of small membrane proteins by cryo-electron microscopy (cryo-EM) remains inherently challenging due to their low molecular weight, conformational heterogeneity, and lack of prominent structural features for reliable particle alignment. In this chapter, we describe how to design and perform biophysical characterization of BRIL fusion constructs that may facilitate structure determination by single-particle cryogenic electron microscopy (cryo-EM) analysis. We present a streamlined approach to select optimal constructs using AlphaFold predictions and characterization by mass photometry and thermal stability assays. We demonstrate the suitability of BRIL fusion strategy as a versatile approach for facilitating structural studies of small membrane proteins by cryo-EM."
"pubmed","42681250","10.1007/978-1-0716-5316-6_9","Molecular Dynamics Simulation Analyses of the Conformational Change of an Escherichia coli Multidrug Exporter, MdfA.","Terada, Tohru","Methods in molecular biology (Clifton, N.J.)","2026-09-02","https://pubmed.ncbi.nlm.nih.gov/42681250/","Molecular dynamics (MD) simulations are a powerful tool to investigate the dynamics and the conformational distributions of proteins. My collaborators and I applied them to study the proton transport-coupled conformational change of an Escherichia coli multidrug exporter, MdfA. In this chapter, I first describe the theoretical basis for studying the dynamics and the conformational distributions of a protein using MD simulations. Second, I describe the methods to construct the simulation system, in which the protein is embedded in a solvated lipid bilayer, and those employed to conduct the MD simulations and to analyze the results. Finally, I describe the problems that remain unsolved and present a plan to further study the transport mechanism of MdfA using MD methods."
"pubmed","42681162","10.1007/978-1-0716-5194-0_15","Construction of an In Silico Model to Study the Molecular Functions of Type I Collagen.","Msoili, Zara; Wong, Hua; Baud, Stephanie","Methods in molecular biology (Clifton, N.J.)","2026-09-02","https://pubmed.ncbi.nlm.nih.gov/42681162/","Modeling of fibrillar collagen such as type I collagen is challenging mainly due to the large size of this protein, its peculiar secondary structure of polyproline II type, found mainly in extracellular matrix proteins, and the presence of posttranslational modifications essential to its function. In this chapter, we present a protocol that allows us to model, at the atomic level, the three-dimensional structure of type I collagen with the THeBuScr and SIDEpro software. The resulting conformation could be used for further molecular docking or molecular dynamics investigations."
"pubmed","42681055","10.1007/978-1-0716-5364-7_30","Computational Identification and Structural Analysis of Ustilago maydis Effector Proteins.","Heinen, Max; Altegoer, Florian","Methods in molecular biology (Clifton, N.J.)","2026-09-02","https://pubmed.ncbi.nlm.nih.gov/42681055/","To successfully colonize their hosts, fungi secrete specialized proteins known as effectors that manipulate host physiology, for example, by suppressing immune responses or altering host cellular processes. Effector proteins are central to fungal virulence, yet they frequently lack recognizable domains and show little to no sequence conservation, reflecting their rapid adaptation during host-pathogen coevolution. As a result, annotation is limited and structure-function relationships remain poorly understood. In this study, a systematic computational workflow is presented for the identification and structural analysis of putative effector proteins in Ustilago maydis, a biotrophic model fungus. The protocol begins with retrieval of genome-derived protein sequences, prediction of secretion signals, and conversion of identifiers into standardized formats. Structural models are then obtained from the AlphaFold Protein Structure Database or generated de novo using AlphaFold 3/ColabFold. To facilitate comparative analysis, predicted structures can subsequently be clustered and explored using tools such as FoldMason and Foldseek, enabling inference of potential functional relationships. This approach integrates widely available resources with accessible computational steps, lowering the barrier for researchers without extensive bioinformatics expertise. It provides a framework to prioritize effector candidates for experimental validation and can be readily applied to diverse fungal pathogens."
"pubmed","42681019","10.1007/978-1-0716-5515-3_16","The Open Conformation of CCT: How to Achieve High Resolution Using CryoEM.","Gutierrez-Seijo, Jorge; Santiago, Cesar; Pipaon, Sergio; Gil-Cantero, David; Cuervo, Ana; Cuellar, Jorge; Valpuesta, Jose Maria","Methods in molecular biology (Clifton, N.J.)","2026-09-02","https://pubmed.ncbi.nlm.nih.gov/42681019/","Cryo-electron microscopy (CryoEM) has revolutionized structural biology, establishing itself as a versatile and powerful technique for determining protein structures at near-atomic resolution. Compared to X-ray crystallography and nuclear magnetic resonance (NMR), it enables the study of proteins across a broad molecular weight range in their native state and captures multiple conformational states without requiring crystallization or large amounts of sample. The protocol described herein focuses on the eukaryotic chaperonin CCT (Chaperonin Containing TCP-1), a 1 MDa protein complex whose flexibility and lack of symmetry present challenges for structural determination. Using CryoEM, we achieve a 4 A resolution 3D reconstruction of CCT in its open conformation, successfully resolving even its highly flexible apical domains."
"pubmed","42681018","10.1007/978-1-0716-5515-3_15","CryoEM Strategies for Elucidating the Closed State Architecture of CCT.","Gutierrez-Seijo, Jorge; Cuervo, Ana; Pipaon, Sergio; Gil-Cantero, David; Majano, Carmen; Santiago, Cesar; Valpuesta, Jose Maria; Cuellar, Jorge","Methods in molecular biology (Clifton, N.J.)","2026-09-02","https://pubmed.ncbi.nlm.nih.gov/42681018/","Cryo-electron microscopy (CryoEM) has emerged as a state-of-the-art technique in structural biology, thanks to advances in sample preparation, high-voltage electron microscopy, direct electron detectors, and sophisticated image processing software. In this study, we investigate the eukaryotic chaperonin CCT, a ~1 MDa hetero-oligomeric complex essential for the folding of key substrates such as actin, tubulin, and WD40 family members. While several open-state structures of CCT have been resolved, the highest-resolution reconstructions have been obtained in the closed state. This is primarily due to the increased structural rigidity of the complex when its apical domains become immobilized in this conformation. However, the pseudo-symmetric arrangement of subunits in the closed state poses challenges for subunit identification. Here, we present a workflow for obtaining a high-resolution CryoEM structure of closed CCT, achieved without the use of nanobodies, substrates, or any tools designed to increase CCT asymmetry. Our results demonstrate that subunit assignment and atomic modeling are achievable by exploiting subunit-intrinsic structural features alone."
"pubmed","42680992","10.1007/978-1-0716-5408-8_7","Machine Learning Approaches for Interpretable Antibody Property Prediction Using Structural Data.","Michalewicz, Kevin; Barahona, Mauricio; Bravi, Barbara","Methods in molecular biology (Clifton, N.J.)","2026-09-02","https://pubmed.ncbi.nlm.nih.gov/42680992/","Understanding the relationship between antibody sequence, structure, and function is essential for the design of antibody-based therapeutics and research tools. Recently, machine learning (ML) models mostly based on the application of large language models to sequence information have been developed to predict antibody properties. Yet there are open directions to incorporate structural information, not only to enhance prediction but also to offer insights into the underlying molecular mechanisms. This chapter provides an overview of these approaches and describes two ML frameworks that integrate structural data (via graph representations) with neural networks to predict properties of antibodies: ANTIPASTI predicts binding affinity (a global property) whereas INFUSSE predicts residue flexibility (a local property). We survey the principles underpinning these models; the ways in which they encode structural knowledge; and the strategies that can be used to extract biologically relevant statistical signals that can help discover and disentangle molecular determinants of the properties of interest."
"pubmed","42680991","10.1007/978-1-0716-5408-8_6","Phylogenetic Domain Adaption for Linear B-Cell Epitope Prediction.","Leite, Lindeberg P; de Campos, Teofilo Emidio; Campelo, Felipe","Methods in molecular biology (Clifton, N.J.)","2026-09-02","https://pubmed.ncbi.nlm.nih.gov/42680991/","Phylogenetic relationships among organisms define hierarchical structures that can be leveraged for domain adaptation. Traditional approaches in domain adaptation often assume homogeneous source domains or merge heterogeneous sources into a single dataset, which neglects informative inter-domain differences and may lead to negative transfer. In this chapter, a method is presented that explicitly models dependencies among source domains derived from phylogenetic trees, using taxonomy as a proxy for phylogeny and weighting the relative importance of training data across levels for the development of predictive models for linear B-cell epitopes. By capturing these relationships, the approach enhances the adaptability of neural language models and improves generalization across evolutionary branches. Computational results across multiple pathogen taxa indicate consistent performance gains compared to three state-of-the-art baselines, demonstrating the advantages of incorporating phylogenetic information into domain adaptation for epitope prediction."
"pubmed","42680755","10.1038/s41421-026-00916-2","Cross-protective human antibodies against the Mpox virus discovered through structure-guided screening.","Sun, Dongdong; Jia, Zihan; Han, Hongyu; Zhang, Nan; Guo, Yiying; Hou, Ruitian; Zhao, Wenli; Yu, Haiyan; Wang, Lulu; Wang, Yuhui; Dai, Jun; Shang, Hang; Liu, Yamin; Li, Ding; Tao, Wenhui; Sun, Zixian; Li, Ying; Ni, Zhiyu; Zheng, Wei; Yu, Haisheng; Guo, Yu","Cell discovery","2026-09-02","https://pubmed.ncbi.nlm.nih.gov/42680755/","Mpox virus (MPXV) poses an increasing global health threat, as underscored by two World Health Organization declarations of Public Health Emergencies of International Concern, particularly after the emergence of a novel Clade Ib strain that exhibited high human-to-human transmissibility in the Democratic Republic of the Congo. However, the treatment options for MPXV infection remain extremely limited. To address this unmet need, we established an integrated platform combining single-cell transcriptomics and deep learning-based structural prediction to discover effective human monoclonal antibodies against MPXV. By integrating computational prediction with experimental validation, we identified five neutralizing antibodies targeting the following distinct viral forms: BA345, MA42, and MA49, which engage the extracellular enveloped virus-associated A35R glycoprotein; BAL31, which binds intracellular mature virus (IMV) protein A29L; and HB05, which targets IMV antigen H3L. Importantly, the elite monoclonal antibody BA345 conferred effective protection against MPXV and vaccinia virus both in vitro and in vivo. Combined in silico structure prediction and X-ray crystallography revealed a highly conserved epitope shared across orthopoxviruses. Surface plasmon resonance measurements revealed nanomolar equilibrium dissociation constants of BA345 for A35R homologs, corroborating its cross-reactive, broad-spectrum neutralizing activity against orthopoxviruses. Moreover, the BA345/BAL31 and MA49/BAL31 antibody cocktails developed in this study conferred robust therapeutic protection in MPXV-infected animals, substantially reducing disease severity and viral load. Our findings not only establish a practical paradigm for antibody discovery through the integration of deep learning-driven structure prediction with single-cell multiomics but also inform next-generation biodefense countermeasures against MPXV and related orthopoxviruses."
"pubmed","42680564","10.1261/rna.081259.126","Improving RNA Secondary Structure Prediction Through Expanded Training Data.","Langeberg, Conner J; Kim, Taehan; Nagle, Roma; Rajinikanth, Agni; Meredith, Charlotte; Garuadapuri, Dimple A; Doudna, Jennifer; Cate, Jamie","RNA (New York, N.Y.)","2026-09-01","https://pubmed.ncbi.nlm.nih.gov/42680564/","In recent years, deep-learning has revolutionized protein structure prediction, achieving remarkable speed and accuracy. RNA structure prediction, however, has lagged behind. Although several methods have shown moderate success in predicting RNA secondary and tertiary structures, none have reached the accuracy observed with contemporary protein models. The lack of success of these RNA structure prediction models has been proposed to be due to limited high-quality structural information that can be used as training data. To probe this proposed limitation, we developed a large and diverse dataset comprising paired RNA sequences and their corresponding secondary structures. We assessed the utility of this enhanced dataset by retraining on a deep-learning model, SincFold. We find that SincFold exhibited improved performance on a set of previously unseen RNA families, enhancing its capability to predict accurate de novo RNA secondary structures. We additionally implemented Lyra-TransPred, which achieved the highest mean F1 and MCC among the evaluated models while requiring substantially less training time per epoch. The RNASSTR dataset provides a substantial advance for RNA structure modeling, laying a strong foundation for the development of future RNA secondary structure prediction algorithms."
"pubmed","42680392","10.1016/j.jes.2025.09.071","Molecular mechanisms of ciprofloxacin-loaded nanoplastics on human serum albumin: Protein denaturation and binding site recognition.","Yin, Qianyue; Qi, Yuntao; Zong, Wansong; Liu, Rutao","Journal of environmental sciences (China)","2026-09-01","https://pubmed.ncbi.nlm.nih.gov/42680392/","Nanoplastics (NPs) and antibiotics are prevalent environmental pollutants that coexist and interact in the environment, leading to complex multi-level toxicities. However, there is currently insufficient research on the effects of co-exposure to polystyrene nanoplastics (PSNPs) and ciprofloxacin (CIP) on key human proteins, such as human serum albumin (HSA), and the interaction mechanisms and binding modes between them remain unclear. This study investigated the effects of CIP-loaded PSNPs (PSNPs@CIP) on HSA's function and structure and explored the binding mode through site competition and molecular docking. The results revealed that PSNPs@CIP inhibited HSA's esterase-like activity (62.0 %), more significantly than CIP (72.2 %) or PSNPs (87.0 %), indicating stronger functional disruption. Meanwhile, PSNPs@CIP caused more severe structural disruption of HSA, including alterations in backbone conformation, secondary structure, and the amino acid microenvironment. PSNPs@CIP interfered with the n-->pi* electronic transition of the peptide backbone (absorption reduced by 0.99, red shift 6.0 nm), and promoted the decrease of alpha-helix content to 47.3 %. A red shift of 9.8 nm (Deltalambda=60 nm) indicated an altered tryptophan (Trp) microenvironment. CIP preferentially binds to Sudlow site I of HSA via hydrogen bonding with Ala215, Lys199, and Lys195. This study demonstrates that PSNPs@CIP composite contamination aggravates HSA structural and functional impairment by promoting the direct binding of CIP to Sudlow site I and facilitating HSA adsorption onto PSNPs as a ""protein corona"". This study elucidates the molecular-level mechanisms and binding modes of PSNPs@CIP affecting HSA, providing crucial evidence for assessing NPs co-pollution and environmental behavior."
"pubmed","42680352","10.1016/j.foodres.2026.120066","Inhibitory mechanism of phloretin on the AgrA LytTR domain-agr operon complex formation and its application in beef.","Li, Hong; Cui, Haiying; Aziz, Tariq; Shami, Ashwag; Ahmed, Abdelrahman R; Al-Joufi, Fakhria A; Lin, Lin","Food research international (Ottawa, Ont.)","2026-09-01","https://pubmed.ncbi.nlm.nih.gov/42680352/","Staphylococcus aureus (S. aureus) represents a major foodborne pathogen whose enterotoxin production poses significant challenges to food safety due to its high environmental resistance and limited efficacy of conventional sterilization. Since the expression of enterotoxins is predominantly governed by the agr quorum sensing system, targeting this regulatory pathway has become a strategic choice for virulence control. This study elucidated the mechanism by which phloretin, a potential quorum sensing inhibitor, interferes with the agr system to attenuate virulence. To achieve this, the recombinant AgrA LytTR domain was expressed and purified, and its interaction with phloretin was characterized using thermal shift assays (TSA), electrophoretic mobility shift assays (EMSA), and molecular dynamics (MD) simulations. The results showed that phloretin specifically binds to the AgrA LytTR domain, enhancing its thermal stability and disrupting AgrA LytTR-agr operon binding by reducing the free energy of interaction between them, without causing significant structural rearrangement. Mechanistic analysis indicated that phloretin sterically hinders key beta-sheet turn residues (HIS169, ASN201, ARG233), thereby impairing DNA recognition, downregulating RNAIII transcription, and inhibiting agr signaling. In cooked beef, phloretin significantly inhibited the secretion of enterotoxins and alpha-hemolysin, while delaying lipid oxidation and protein degradation, and maintaining the meat texture. These findings suggested that phloretin is a multifunctional substance with anti-virulence, antioxidant, and preservative properties, demonstrating its potential as a natural food preservative."
"pubmed","42680273","10.1016/j.foodres.2026.119944","Ternary deep eutectic solvents simultaneously enhance the activity, thermal stability, and selectivity of CALB for efficient diacylglycerol production.","Li, Daoming; Li, Gaimiao; Wang, Jiandong; Li, Yuhao; Gao, Minguang; Zhu, Zhenbao; Zhou, Duan","Food research international (Ottawa, Ont.)","2026-09-01","https://pubmed.ncbi.nlm.nih.gov/42680273/","Solvent engineering plays a crucial role in improving lipase performance in non-aqueous biocatalytic systems, particularly for the efficient and selective production of functional lipids. In this study, choline chloride-glycerol-urea ternary deep eutectic solvents (TDESs) were constructed to regulate the catalytic behavior of Candida antarctica lipase B (CALB), and the relationships between solvent physicochemical properties, enzyme conformation, and catalytic performance were systematically evaluated through enzymatic assays, fluorescence spectroscopy, and molecular dynamics simulations. Compared with binary DES and solvent free systems, TDESs exhibited lower water activity, tunable viscosity, and strengthened hydrogen-bonding networks, providing a more stable microenvironment for CALB. The optimal ChCl:Gly:U (1:1:1) system enhanced catalytic activity by 2.8-fold and retained over 80% residual activity after thermal treatment. Simulation results indicated reduced RMSD, RMSF, and SASA values, suggesting improved structural compactness. Subtle changes in interaction behavior within the catalytic triad (Ser105-His224-Asp187) were also observed, indicating localized modulation of active-site dynamics that may contribute to enhanced flexibility. In esterification, ChCl:Gly:U increased DAG content to 61% and reduced MAG content to <15% (vs. 45% DAG and 32% MAG in the solvent free system). In addition, the selectivity of DAG formation in TDES systems increased significantly from 57.66% to 73.61%. These findings demonstrate that rationally designed TDESs effectively enhance CALB activity, stability, and DAG selectivity, providing a feasible and sustainable strategy for enzymatic lipid modification."
"pubmed","42679164","10.1021/acs.jmedchem.6c01911","Accurate Identification of Covalently Ligandable Cysteines Using CCSite.","Ren, Yanlin; Mou, Minjie; Zhu, Yimiao; Pan, Ziqi; Zhang, Kuo; Qian, Yuntao; Zhang, Yang; Li, Jinlong; Fu, Tingting; Zhu, Feng","Journal of medicinal chemistry","2026-09-01","https://pubmed.ncbi.nlm.nih.gov/42679164/","Targeted covalent inhibition is an important strategy in modern drug discovery, with cysteine being the most common residue targeted for covalent ligands. Accurate identification of covalently ligandable cysteines is therefore essential, especially for traditionally ""undruggable"" targets. However, structure-based methods depend on available and reliable protein structures, while sequence-based methods remain scarce and require further improvement. Here, we present CCSite, a protein language model-based framework for discovering covalently ligandable cysteines from protein sequences. It uniquely integrates low-rank adaptation of ESM Cambrian (LoRA-ESMC) with a cysteine-centered encoder-decoder module to capture local microenvironment features and long-range contextual information. Benchmarking and independent evaluation showed that CCSite achieved competitive performance without requiring 3D structures. Moreover, a real-world application revealed that CCSite was capable of prospectively identifying experimentally validated covalent cysteines, and a large-scale screen of human pathogenic X-to-Cys mutations further identified over 2,000 neo-cysteines as covalently ligandable candidates for future covalent drug development."
"pubmed","42677662","10.1021/acs.jafc.6c08393","Expanding Aldopentose Catalysis of a Novel PQQ-Dependent Glucose Dehydrogenase without Compromising Native d-Glucose Activity.","Chen, Yuehua; Liu, Peng; Sheng, Binbin; Xing, Jiaxin; Ouyang, Jia; Zheng, Zhaojuan","Journal of agricultural and food chemistry","2026-09-01","https://pubmed.ncbi.nlm.nih.gov/42677662/","Lignocellulosic biomass is an abundant renewable resource that is rich in aldohexoses and aldopentoses. Efficient biocatalysts for aldopentose oxidation remain limited, and few enzymes exhibit high catalytic efficiency toward both aldohexoses and aldopentoses. Here, a naturally promiscuous pyrroloquinoline quinone-dependent glucose dehydrogenase (PQQ-GDH) from Pseudomonas fragi NL20W was selected as an engineering template and tailored by semirational design to expand aldopentose oxidation while preserving native d-glucose activity. The V706P/L723 M mutant exhibited markedly enhanced catalytic efficiency toward d-xylose and l-arabinose, reaching 8.0- and 2.4-fold those of the wild-type, respectively, while its efficiency toward d-glucose was 1.3-fold that of the wild-type. Molecular simulations suggested that the improved catalysis was associated with an optimized substrate positioning and enhanced conformational flexibility of the active-site region. This study highlights the significance of natural enzyme scaffold selection in substrate scope engineering and expands the application potential of PQQ-GDH in the sustainable valorization of lignocellulosic sugars."
"pubmed","42677561","10.1021/jacs.6c10101","Structure and Dynamics of the HIV-1 Envelope Protein on the Virion Envelope.","Majumder, Ayan; Dutta, Mandira; Cherek, Levi; Voth, Gregory A","Journal of the American Chemical Society","2026-09-01","https://pubmed.ncbi.nlm.nih.gov/42677561/","HIV-1 buds from infected cells as immature virion particles with a scattered envelope glycoprotein (Env) distribution on their envelope. It then undergoes maturation, during which the viral protease cleaves the Gag polyprotein at multiple sites, leading to structural reorganization of the viral particle and lateral redistribution of Env proteins, ultimately rendering the virion infectious. However, the underlying mechanism of maturation-induced Env reorganization remains elusive. In this study, we combine microsecond-long all-atom (AA) and bottom-up coarse-grained (CG) molecular dynamics simulations and diffusion model-based backmapping to investigate the structural organization and key interactions of Env in viral membranes. AA simulations of fully glycosylated Env embedded in HIV-1 mimetic asymmetric bilayers were first performed to characterize its conformational dynamics and Env-lipid interactions. We then developed a bottom-up CG model of glycosylated Env from the AA data and simulated the mature HIV-1 virion envelope containing multiple Env proteins. The CG simulations predict that Env proteins form clusters through interactions mediated by the cytoplasmic tail domain and adopt diverse tilted conformations within these clusters. These CG simulations were then backmapped to AA resolution, and further AA simulations were carried out to identify, in detail, the specific interacting residues in the Env clusters. Additionally, analysis of epitope accessibility shows that broadly neutralizing antibodies (bnAbs) targeting the V1/V2 and V3 loops may efficiently interact with Env clusters on the mature virion surface. Together, these results provide a molecular mechanism for Env oligomerization during viral maturation and offer new insights into the accessibility of bnAb epitopes on Env clusters."
"pubmed","42676364","10.3389/fimmu.2026.1861005","Computational analysis of CD40L missense variants A123E, S222F, and G257R predicts altered CD40 binding and trimeric stability in X-linked hyper-IgM syndrome.","Velasquez-Ortiz, Maria Guadalupe; Jardon-Valadez, Eduardo; Reyes-Huerta, Raul Fernando; Catalan-Dibene, Jovani; Berron-Ruiz, Laura; Lopez-Herrera, Gabriela; Meza-Sanchez, David Eduardo; Maravillas-Montero, Jose Luis","Frontiers in immunology","2026-09-01","https://pubmed.ncbi.nlm.nih.gov/42676364/","INTRODUCTION: CD40L (CD154) is a homotrimeric member of the TNF superfamily protein expressed on activated CD4+ T cells whose interaction with CD40 is required for class-switch recombination, somatic hypermutation, and B cell terminal differentiation. Loss-of-function mutations in gene CD40LG cause X-linked hyper-IgM syndrome type 1 (HIGM1), characterized by recurrent infections, lack of IgG, IgA and IgE, and near-normal or elevated IgM. METHODS: We implemented computational strategies to describe the structure and dynamics of the CD40L-CD40 complex for the native protein and three missense variants not previously characterized at the molecular level: A123E, S222F and G257R. Two independent 300 ns simulations were run per system in explicit solvent at 300 K and 0.15 M NaCl. In addition, we evaluated the energetics and electrostatics of the complex using continuum solvent models, such as molecular mechanics-Poisson-Boltzmann Surface Area (MM-PBSA) and Adaptive Poisson-Boltzmann Solver (APBS). RESULTS: We found that A123E caused a moderate, energetically coherent reduction in binding affinity consistent with partial loss of function. S222F caused the largest reduction in binding free energy (weakest binder by MM-PBSA) along with an increase of the CD40L-CD40 contact area, consistent with a geometrically expanded but energetically disrupted interface where the aromatic side chain offsets paradoxically favorable electrostatic reorganization. G257R maintained near-native binding free energies but reduced the trimeric contact area by 20-22%, and increased the radius of gyration of CD40L, consistent with structural loosening of the homotrimer that we predict could uncouple binding competence from signaling competence, with potential effects on CD40 receptor mobility and mechanotransduction at the immunological synapse that remain to be tested experimentally. DISCUSSION: These findings may offer a structural basis for the clinical heterogeneity of HIGM1 and illustrate what computational approaches can contribute to the interpretation of CD40LG variants, including novel variants identified in Latin American patients where experimental validation is rarely available."
"pubmed","42675622","10.1093/bioinformatics/btag654","Design of peptides with non-canonical amino acids using flow matching.","Lee, Jin Sub; Kim, Philip M","Bioinformatics (Oxford, England)","2026-09-01","https://pubmed.ncbi.nlm.nih.gov/42675622/","MOTIVATION: The canonical vocabulary of twenty amino acids limits the chemical space available to proteins and peptides. Expanding this vocabulary to hundreds of non-canonical amino acids (ncAAs) allows the engineering of proteins with novel function and activity, and is of particular interest for therapeutic peptides such as macrocycles, where ncAAs can improve proteolytic stability, membrane permeability and immunogenicity. However, existing structure-based design tools either cannot model ncAAs at all, or are restricted to a small, fixed vocabulary of ncAAs seen during training, and ncAA data in the Protein Data Bank is scarce and heavily biased. RESULTS: We present NCFlow, a flow matching generative model that places any arbitrary ncAA into a given protein backbone using only its atom types and bond connectivity, and therefore generalizes to ncAAs never seen during training. To supplement sparse training data in the Protein Data Bank, NCFlow is pretrained on millions of small molecule structures and a large set of protein-ligand complexes before finetuning on native non-canonicals found within proteins. NCFlow outperforms AlphaFold3-based methods in the structure prediction of unseen non-canonical amino acids. We further present a peptide design pipeline akin to in silico deep mutational scanning, and propose a scoring strategy combining deep learning-based and molecular dynamics-based alchemical binding free energy calculations to identify improved peptide variants. We apply the method on four protein-peptide complex test cases, and observe that incorporating non-canonicals can improve predicted binding affinity by up to -7.0 kcal/mol. AVAILABILITY AND IMPLEMENTATION: NCFlow is freely available at https://github.com/mjslee0921/ncflow. SUPPLEMENTARY INFORMATION: Supplementary data are available at Bioinformatics online."
"biorxiv","10.64898/2026.09.06.749733","10.64898/2026.09.06.749733","Inverse FoldDir: Structure-conditioned Protein Sequence Design by Dirichlet Flow Matching","Alp TARTICI; Mihajlo Stojkovic; Anru Tian; Michael C Jewett; Russ B Altman; Bruce J Wittmann","bioRxiv","2026-09-07","https://www.biorxiv.org/content/10.64898/2026.09.06.749733","Protein engineering has important implications in the bioeconomy, enabling applications in materials, medicine, and energy. A key challenge is designing protein sequences that have a specific form and function. Protein inverse folding seeks to address this challenge by identifying amino acid sequences compatible with a desired protein backbone. This task is central to protein redesign and can provide a sequence design capability for de novo backbones produced by structure-generation methods. Ideally, inverse folding can provide diverse sequence alternatives, fixed residues or motifs, soft biochemical preferences at selected positions, and candidates that remain experimentally useful. We developed Inverse FoldDir, a controllable inverse-folding method that performs iterative denoising on the amino acid probability simplex. Given a backbone structure, the model updates all positions jointly through a learned Dirichlet flow, supporting full sequence generation, fixed-residue inpainting, and user-defined soft residue priors. On the held-out CATH 4.2 test set, Inverse FoldDir achieved a mean TM-score of 84.5 (on a 0-100 scale) and a mean C α RMSD of 1.76Å, compared with 83.3 and 1.86Å, respectively, for ESM-IF1, the strongest evaluated baseline on both metrics. Denoising trajectory analyses showed that positions commit at different rates and that some residues change identity late in generation, illustrating whole-sequence refinement rather than one-shot prediction or irreversible sequential decoding. We experimentally tested Inverse FoldDir in an anti-GFP nanobody redesign task, where two of 35 redesigned sequences retained reproducible sfGFP-binding signal across independent assay runs with approximately 43% sequence divergence from the native nanobody. Inverse FoldDir is a structure-conditioned protein redesign method that combines structural recovery, user control, experimental validation, and a natural route toward future property-guided sampling."
"biorxiv","10.64898/2026.08.30.748136","10.64898/2026.08.30.748136","Retrieval of binding sites across the AlphaFold human proteome using protein language model representations","Keshav Mohan; Yash Bhargava","bioRxiv","2026-09-03","https://www.biorxiv.org/content/10.64898/2026.08.30.748136","Protein language models (PLMs) provide powerful representations of protein sequence, but their utility for proteome-scale binding-site retrieval remains unclear. Here, we present PocketScope, a training-free framework that represents cavity-lining residues using frozen ESM-C 600M embeddings and retrieves related binding sites through exhaustive lateinteraction MaxSim, without pooling or approximate nearest-neighbor search. PocketScope identified 153,805 cavities across 37,682 proteins in the AlphaFold human proteome and recovered documented drug off-targets across a curated set of pharmacological pairs. On the ProSPECCTs benchmark, PocketScope ranks 1st of 23 methods by mean rank across the ten collections. PocketScope provides a practical framework for proteome-scale off-target prediction. PocketScope is open source and also freely available as a web server at https://www.bhargavaresearch.org/pocketscope ."
"biorxiv","10.64898/2026.08.31.748056","10.64898/2026.08.31.748056","Comprehensive Evaluation of Protein Language Model Embeddings for Drug-Target Affinity Prediction","Matija Marijan; Ivan Tanasijevic","bioRxiv","2026-09-03","https://www.biorxiv.org/content/10.64898/2026.08.31.748056","Accurate identification of drug-target interactions is consequential for novel drug discovery and development. Deep learning methods for drug-target affinity (DTA) prediction have shown great promise in accelerating drug discovery and reducing development costs. Although graph neural networks have improved drug representation learning for DTA prediction tasks, many models still struggle to effectively and efficiently capture protein information, limiting overall prediction accuracy. In this work, we systematically evaluate the impact of pre-trained protein language models (PLMs) on the downstream task of predicting binding affinity between drugs and target proteins. We design multiple experiments across four different molecular representation backbones and assess the effect of incorporating PLM embeddings, comparing their performance to classical 1D convolution methods. We evaluate four families of PLMs which we integrate into PLM-GraphDTA, each built on distinct architectures and optimized for different tasks, including structure prediction, function prediction, and sequence unmasking. Additionally, we evaluate DeepGraphDTA, an architectural modification of the baseline convolution method designed to improve protein representation learning. The models are evaluated on two benchmark datasets, Davis and KIBA, using concordance index (CI) and mean squared error (MSE) as performance metrics. We further evaluate the generalization power of each model using cold-start train and test splits, and analyze the per-protein contribution to total CI. The results indicate simple architectural modifications to traditional convolution methods may be sufficient to bridge the gap to large pre-trained PLMs."
"biorxiv","10.64898/2026.09.04.749352","10.64898/2026.09.04.749352","AtlasFold: Protein structure prediction with metagenomic-scale language models","Seonghwan Seo; Hyeongwoo Kim; Seokhyun Moon; Woo Youn Kim; Team KAIST","bioRxiv","2026-09-07","https://www.biorxiv.org/content/10.64898/2026.09.04.749352","Protein language models (PLMs) trained on evolutionary sequences learn representations that encode protein structure, enabling direct structure prediction without multiple-sequence alignments (MSAs). Here we present the Atlas model family, an open and trainable system spanning protein language modeling, monomer folding, and protein-complex prediction. AtlasLM-3B is a 3B-scale language model trained with masked language modeling on approximately 1.56 billion sequences, including metagenomic data, and outperforms the similarly sized ESM2-3B in unsupervised contact prediction. Building on these representations, AtlasFold predicts all-atom protein structures and achieves state-of-the-art accuracy among PLM-based folding models. Fine-tuning AtlasFold for protein-complex prediction produces AtlasFold-Multimer (AtlasFold-M), whose antibody-antigen prediction performance is comparable to that of AlphaFold3 and ESMFold2. This protein-specific folding architecture enables fast, memory-efficient inference with AtlasFold and AtlasFold-M. By releasing the training code and data, stage checkpoints, and model weights under the MIT License, we provide a foundation for advancing PLM-based protein structure prediction."
"biorxiv","10.64898/2026.08.28.747907","10.64898/2026.08.28.747907","Towards Sparse Causal Features for Zero-shot Mutation Effect Prediction in a Protein Language Model","Saishradha Mohanty; Manya Phutela; Anna G. Green","bioRxiv","2026-09-03","https://www.biorxiv.org/content/10.64898/2026.08.28.747907","Protein language models (pLMs) such as ESM-2 achieve strong zero-shot mutation-effect prediction, yet the internal computations supporting these predictions remain poorly understood. We introduce a sparse feature circuit framework that combines sparse autoencoders, integrated-gradients attribution, and activation patching to identify the latent features that causally mediate zero-shot mutation effect prediction in ESM-2 650M. We evaluate this framework over 67 mutations ranging from strongly deleterious to weakly deleterious in the DNAJA1 J-domain, where ESM-2 predictions agree strongly with deep mutational scanning measurements. We find that circuits selected by indirect effect recover the model’s predictions more efficiently and provide more informative biological explanations than those selected by raw activation changes, showing that activation magnitude does not necessarily reflect causal importance. We find that related substitutions reuse substantial portions of their recovered circuits, ranging from 40% to 75%, and that the shared features often represent residues in three-dimensional contact with the mutation site. To our knowledge, our work provides the first causal, feature-level account of zero-shot mutation effect prediction in a pLM."
"biorxiv","10.64898/2026.09.04.749196","10.64898/2026.09.04.749196","De Novo Design and AlphaFold3 Evaluation of Protein Binders Targeting Specific Sites of MAP4K4","Aarnav Jain; Alexander V Tobias","bioRxiv","2026-09-07","https://www.biorxiv.org/content/10.64898/2026.09.04.749196","MAP4K4 is a serine/threonine kinase member of the mitogen activated protein kinase family. It acts through the JNK, p38 MAPK, and ERK1/2 pathways and is implicated in cancer proliferation and invasion, TNF-α-driven insulin resistance, macrophage-mediated inflammation, and cardiomyocyte apoptosis in heart failure. No selective small-molecule inhibitor of MAP4K4 has reached clinical use, and knowledge of the specific epitopes on MAP4K4 is lacking for some existing antibodies, leaving a role for small protein binders directed at specific surface sites. We used a computational pipeline that combines RFdiffusion, ProteinMPNN, and AlphaFold2, as well as BindCraft, an integrated ""one-shot"" tool, for de novo design of small protein binders (~50–130 residues) to specific MAP4K4 surface hotspots. We also created an automated hotspot determination algorithm that weighs geometry, chemistry, rigidity, and AlphaFold pLDDT. From thousands of candidate sequences, we evaluated 20 of the most promising binders with AlphaFold3 (AF3). The interface predicted template modeling (ipTM) scores ranged from 0.16 to 0.90, with nine candidates having ipTM ≥ 0.80, and five scoring ≥ 0.87. Two binders engage non-overlapping hotspots on opposite faces of MAP4K4, making them a candidate pair for a sandwich assay. BLASTp searches of all designed protein sequences returned only low-significance matches to half of them, indicating that they represent truly novel binding solutions and previously unexplored regions of protein sequence space rather than rediscovered natural motifs. We subjected five complexes spanning the observed AF3 confidence range to 100-ns explicit-solvent molecular dynamics simulation. Interchain contacts were retained throughout, with stability varying substantially between systems. Confidence in the binding specificity of the nine highest-confidence candidates was bolstered by juxtaposition with AF3 evaluations of their interaction with CDK2, a negative-control kinase. This comparison yielded a significant, consistent reduction in ipTM (p = 0.0039) for the control binding partner. ToxinPred2 and AlgPred 2.0 screening suggested that one candidate was a potential allergen and two were potential toxins. These results support that de novo design of small, site-specific protein probes for an underserved disease target is achievable using free, publicly available computational tools and minimal resources, pointing to a greater role for the public and amateur scientists to contribute to biotechnological advancement."
"biorxiv","10.64898/2026.09.01.748564","10.64898/2026.09.01.748564","PredIDR3: A new output-encoding scheme and abundant negative source provide more information for deep learning-based protein intrinsic disorder prediction","Kun-Sop Han; Kyungmin Hwang; Sung-Myong O; Su-Jin Kim; Pyong-Zu Ri; Mun-Myong Choe; Piovesan Damiano","bioRxiv","2026-09-04","https://www.biorxiv.org/content/10.64898/2026.09.01.748564","Many computational methods to predict intrinsic disordered regions (IDRs) in proteins have been developed and their performances are blindly evaluated in community-driven assessment, Critical Assessment of protein Intrinsic Disorder (CAID). In this study, we developed PredIDR3 series, an updated version of PredIDR2 tested in CAID3 to accurately predict IDRs from protein sequences. It includes two methods depending on ensemble way. The performances of PredIDR3 series (AUC_ROC=0.953) are remarkably better than our previous PredIDR2 (AUC_ROC=0.936) on Disorder-PDB dataset of CAID3, which is thought to be mainly attributed to the use of more information for intrinsic disorder prediction based on deep convolutional neural network. In details, we introduced a new output-encoding scheme permitting a large sliding window (size=91) for the first time and extracted negative samples of the training set from non-IDRs of both PDB and DisProt databases, allowing to use more information for prediction of intrinsic disorder. PredIDR3 achieved comparable performance to the top-ranking methods of CAID3 in all criteria measured. PredIDR3 series can be freely available through the CAID Prediction Portal at https://caid.idpcentral.org/portal or downloaded as a Singularity container from https://biocomputingup.it/shared/caid-predictors/."
"biorxiv","10.64898/2026.09.02.748987","10.64898/2026.09.02.748987","De novo design of ligand binding proteins using large language models alone","Kim NH; Hatstat AK; Jo H; Wu Y; DeGrado WF","bioRxiv","2026-09-03","https://www.biorxiv.org/content/10.64898/2026.09.02.748987","Protein design has rapidly advanced with the advent of sequence- and structure-based machine learning models. However, reasoned design, which applies physicochemical principles and rules derived from sequence-structure-function relationships, has not seen the same benefits from generative machine learning models. Here, we test the ability of common large language models (LLMs; e.g. Claude, ChatGPT, and Gemini) to consider design principles to generate de novo proteins that bind metals and lipophilic small molecules without copying existing sequences. Common LLMs alone are able to 1) generate protein sequences to adopt a desired fold and bind the target ligand and 2) explain the principles that motivate the design choices. Following structure prediction and filtering, we selected a small set of designs (6 to 12 designs per query) for experimental validation, affording metal binders in one round of LLM-based design (25% hit rate) and perfluorooctanoic acid binders in two rounds (25% hit rate in the second round of design). Importantly, the LLMs produce detailed justification to accompany the de novo designed sequences, providing a conceptual framework on which designs can be evaluated. While the successful designs have some deviations from the prompted parameters and LLM-articulated design rationale, these campaigns provide a case study that highlights the utility of LLMs in making protein design more comprehensible and accessible to users without sophisticated design expertise."
"biorxiv","10.64898/2026.09.02.748974","10.64898/2026.09.02.748974","How thermostable direct haemolysin (TDH) diverges from TDH-related haemolysin (TRH)? Reassessing haemolysins in Vibrio parahaemolyticus through functional and structural representation learning","Liu Z; Zhou Y; Liu C; Brown CT; Wang L","bioRxiv","2026-09-03","https://www.biorxiv.org/content/10.64898/2026.09.02.748974","<h4>ABSTRACT</h4> Vibrio parahaemolyticus ( Vp ) is the major foodborne pathogen transmitted via shellfish products, which has posed significant threats to modern public health and resulted in significant economic damage to the seafood industry. Numerous studies have documented diverse aspects of Vp pathogenicity, among which thermostable direct haemolysin (TDH) and TDH-related haemolysin (TRH) are considered as the major virulence biomarkers of Vp . Despite their established roles as key biomarkers, a systematic understanding of the divergence of TDH and TRH across sequence, structure, and function remains limited. In this study, a multi-scale analysis of TDH and TRH was performed using publicly available (2131 and 99 records from NCBI and Uniprot database, respectively) amino acid sequence data combined with representation learning and structure prediction. Global alignment of curated TDH and TRH sequences revealed extensive, distributed mutations and clear separation between TDH and TRH at the amino acid level (percentage identity of between TDH and TRH ranging from 56.1–67.4%). In contrast, protein language model–derived embeddings showed high global functional similarity while preserving distinct clustering patterns, indicating conserved core functionality alongside nuanced divergence echoed with the structural inference by AlphaFold. Importantly, modeling of mutation trajectories demonstrated that the transition from TDH to TRH is driven by accumulated, genome-wide residue changes rather than a small set of key mutations. Together, these results suggested that TDH and TRH represent functionally conserved yet evolutionarily diverged toxins driven by accumulated sequence variation throughout the full-length amino acid sequence. These accumulated point mutations lead to major structural difference: TRH forms an α-helical tail that TDH lacks, which suggests that TDH and TRH disrupt host membranes by different mechanisms despite their conserved core function such as pore-forming and ion flux induction capability. These methods provided unprecedented detailed insights into the functional and structural properties of Vp haemolysin, offering critical information on how multi-dimensional variations in sequence might influence their role in Vp pathogenicity. Insights from this study reinforce the rationale for using Vp strains harboring tdh and trh genes in experimental design for environmental fitness investigation."
"biorxiv","10.64898/2026.09.02.748856","10.64898/2026.09.02.748856","BAGEL-CAR: Reflections on the Bits to Binders Competition","Lála J; Angioletti-Uberti S","bioRxiv","2026-09-04","https://www.biorxiv.org/content/10.64898/2026.09.02.748856","The antigen-binding segment of chimeric antigen receptors (CARs) in CAR-T therapy has emerged as a compelling application of de novo AI protein design. In the Bits to Binders competition, our group submitted 414 BAGEL-CAR designs for CD20-directed CAR binding segments, 38.4% of which were statistically enriched in a pooled CAR-T proliferation screen, the highest among all teams and more than double the next-best. Strikingly, after detailing the three design strategies employed, we show that two of them carry the entire success of our campaign, with both of them outcompeting all the other teams' aggregate results. Crucially, during the competition, we did not refold any of the binders after backbone painting. Had we applied this typical validation step with ESMFold, all experimentally enriched designs would have been filtered out. Our findings show that each filtering step should be stress-tested per biomolecular system and intermediate outputs of design pipelines should be assayed regardless of 'common practice'. Additionally, we appear to be the only team that designed against ESMFold's predicted CD20 dimer geometry, which diverges substantially from the experimentally resolved 6Y97 structure, raising, but not resolving, the possibility that this alternative target geometry contributed to our high hit rate. We hope these reflections help inform the future of effective CAR-T and binder design campaigns."
"biorxiv","10.64898/2026.08.31.748270","10.64898/2026.08.31.748270","Topological Closure Drives Structural Stabilization and Fast Cooperative Dynamics in Crowded Circular Polysomes","Kobayashi H; Guzman HV","bioRxiv","2026-09-01","https://www.biorxiv.org/content/10.64898/2026.08.31.748270","In linear polysomes, excluded-volume interactions among ribosomes can induce dimensional reduction of mRNA. Yet linear architectures allow steric stress to relax at open ends– limiting how strongly crowding can remodel the mRNA’s structure and dynamics. Using coarse-grained molecular-dynamics simulations, we compare circular and linear polysomes over a range of ribosome densities. Circular closure selects a predominantly quasi-planar global conformational ensemble, as indicated by a shape dimensionality d shape ≈ 2 over a range of ribosome densities. Crucially, circular topology and ribosome crowding act cooperatively to suppress structural fluctuations. While closure alone or linear crowding reduces relative global size fluctuations (Δ R g / R g ) only to ≈ 0.16, their combined effect drives this fluctuation down to ≈ 0.07. Within this stabilized architecture, increasing ribosome density drives a distinct in-plane reorganization: the ring becomes more isotropic, global size fluctuations are strongly suppressed, and the scaling exponent increases toward ν ≃ 0.74–0.77, consistent with two-dimensional self-avoiding walk-like value over the accessible finite-size window, 1000 ≤ N ≤ 4969. Closure shortens the radius-of-gyration decorrelation time of circular polysomes by 40-fold relative to matched linear systems, reflecting the topological elimination of free ends. Within this closure-selected ensemble, ribosome crowding further reduces the decorrelation time by up to 20% at the highest density. A fluctuation-informed crossover model links the density dependence of the global scaling exponent to inter-ribosomal subchain statistics. These results distinguish the geometric role of circular closure from the density-dependent steric response that it enables, revealing a confined yet dynamically responsive conformational regime for circular polysomes."
"biorxiv","10.64898/2026.08.31.748385","10.64898/2026.08.31.748385","Trans-Allosteric Activation Releases Distinct Conformational Traps in Kinase Heterodimers","Imamoto A; Wu Y; Shinobu A; Okada M","bioRxiv","2026-09-01","https://www.biorxiv.org/content/10.64898/2026.08.31.748385","<h4>ABSTRACT</h4> Protein kinases function as dynamic, mechanically coupled nodes, yet the conformational drivers of multimeric activation remain unclear. Here, we present AlloQuant, a computational suite that translates AlphaFold3 structural ensembles into quantitative metrics of kinase regulation, including internal network rigidity, metastable-state populations, and sub-angstrom conformational drivers. Applying AlloQuant to CDK1, we demonstrate that binding of the Cyclin B1 (CCNB1) cofactor mechanically decouples a hyper-rigid inactive kinase core, allowing activating phosphorylation (pT161) to subsequently re-impose localized tension on the catalytic machinery. Conversely, the C-terminal Src kinase (CSK) faces a distinct conformational trap. While nucleotide-free monomeric CSK spontaneously samples a pre-active geometry, ATP binding excludes the active αC-In conformation in all but 1 of 225 models. We show that docking partner engagement overcomes this blockade. Autophosphorylation of SRC at the activation loop (Y419) redistributes SRC conformational states without altering bulk rigidity. This redistribution is structurally coupled to the conformational state of CSK via the regulatory spine, not the catalytic machinery. Rather than mechanically deforming CSK, SRC engagement acts by conformational selection, committing roughly a quarter of CSK molecules to a fully active state. Thus, trans-allosteric kinase activation operates by defining the accessible conformational landscape of the receiver kinase. That control is exerted through mechanical remodeling in cofactor-dependent complexes and through conformational selection in transient kinase-kinase heterodimers. These findings establish AlloQuant as a general framework for quantifying how a binding partner reshapes a kinase’s conformational landscape, applicable across the kinome because it assigns landmarks by profile-HMM alignment. <h4>AUTHOR SUMMARY</h4> Protein kinases act as molecular switches that regulate processes such as cell division; their dysregulation is a hallmark of cancer. Many kinases cannot activate autonomously and must instead dock with partner proteins. Such activation is hard to observe, being structural rather than chemical. Artificial-intelligence structure prediction now yields diverse conformational ensembles, not single snapshots. To analyze them we developed AlloQuant, which quantifies protein rigidity and favored conformational states. Applied to two kinase pairs, AlloQuant revealed that partner binding releases structural traps through radically different mechanisms. In the cell-division kinase CDK1, the partner loosens an overly rigid catalytic core, priming it for a chemical modification that then re-tightens the active site. In the kinase CSK, by contrast, the ATP fuel required for catalysis prevents the active shape from forming, making a docking partner essential. Partner binding does not forcibly reshape CSK; it biases the structural odds, committing a fraction of molecules to the active form. Because AlloQuant works on any ensemble of structures, the same measurements can gauge how a binding partner reshapes the conformational options of other proteins, and identifying the traps that restrict activation will improve predictions of how a partner or a targeted therapeutic can spring them."
"biorxiv","10.64898/2026.09.02.748684","10.64898/2026.09.02.748684","When DL-Based Prescreening Meets Synthon-Based Docking: Target-Adapting PharmacoNet via MEL-Steered Correction","Liu W; Hong Y; Ku T; Lee W; Nguyen E; Xu A; Katritch V","bioRxiv","2026-09-04","https://www.biorxiv.org/content/10.64898/2026.09.02.748684","As chemical libraries expand into the trillions of molecules, Virtual SYNthon Hierarchical Enumeration Screening (V-SYNTHES) has emerged as a leading strategy for making gigascale virtual screening computationally tractable. In V-SYNTHES, a Minimal Enumeration Library (MEL) of chemical fragments is docked against a target first, and only the top-scoring fragments are expanded into full ligands for large-scale docking. However, among the large number of comparably well-docked fragments, only a small fraction can be expanded under a fixed docking budget, leaving most similarly promising fragments unexplored. General-purpose prescreening tools can be adopted to address this constraint, reallocating the same docking budget across a larger pool of fragments' enumerated full ligands by their proxy score. However, such tools are applied without accounting for target-specific pocket environments. One such method, PharmacoNet, predicts interaction hotspots from a protein structure and ranks candidates via graph matching against a fixed set of interaction-type weights. We recognize that V-SYNTHES's initial fragment-docking step, ordinarily used only for selection of best fragments for expansion, already reveals which of these hotspots and interaction types a given pocket actually favors, and we can recover this signal to fine-tune PharmacoNet accordingly. We introduce MEL-Steered PharmacoNet, a parameter-efficient adaptation framework that specializes PharmacoNet to a given target through two composable mechanisms: (i) empirical density-map steering of predicted pharmacophore hotspots, and (ii) empirical fine-tuning of interaction-type scoring weights. Across three structurally distinct GPCR targets (CB2, GPR91, 5-HT2AR), MEL-Steered PharmacoNet achieves substantial enrichment factor (EF100) gains over a random baseline, and improves EF100 over PharmacoNet by 8.94x, 6.87x, and 1.69x, respectively. The fitted per-target weights further reveal distinct, chemically interpretable interaction profiles that PharmacoNet's generic fixed weights fail to capture. These results show that fragment-docking data already generated by the standard V-SYNTHES pipeline can adapt a general-purpose pharmacophore prescreening method to an individual target, significantly improving its performance while retaining its ultra-fast screening ability, with no additional experimental data or model retraining."
"biorxiv","10.64898/2026.09.01.748594","10.64898/2026.09.01.748594","Structures of pUG-fold RNA bound to DNMT1 reveal a mechanism for RNA-mediated epigenetic regulation","Song JJ; Cech TR; Kasinath V","bioRxiv","2026-09-03","https://www.biorxiv.org/content/10.64898/2026.09.01.748594","Many chromatin-associated proteins have been found to bind RNA as a means of epigenetic regulation. Specifically, DNA methyltransferase 1 (DNMT1), which maintains cytosine methylation at CpG dinucleotides, is inhibited by RNA at transcribed DNA loci in cells. However, the mechanisms by which RNA binds DNMT1 and inhibits its activity remain unknown. Here, we determine a series of cryogenic electron microscopy (cryo-EM) structures of human DNMT1 bound to pUG-fold RNA, a non-canonical G-quadruplex previously observed to inhibit activity, revealing two distinct RNA-binding modes. The pUG-fold RNA binds the surface of DNMT1 in its autoinhibited conformation across a positively charged surface between the methyltransferase domain and the CXXC domain, and it binds directly in the active site of an open DNMT1 conformation. RNA binding is sterically incompatible with substrate DNA engagement in both states. Our 2.5 Å structure captures the intricate network of hydrogen bonds and electrostatic interactions between amino acids in the methyltransferase domain and the tetrad layers of pUG- fold RNA. Metadynamics molecular dynamics simulations provide an orthogonal view of the conformational landscape of DNMT1, revealing the two distinct RNA-binding modes. Furthermore, our analysis of published DNMT1 RIP-seq and eCLIP-seq data confirms that DNMT1-interacting RNAs in cells exhibit a strong propensity to form non-canonical G- quadruplex RNA structures. Collectively, our study provides the first structural basis for pUG- fold RNA recognition by a protein and illustrates how cryo-EM and AI-based methods for protein and RNA structure prediction synergize to inform the mechanism of RNA-mediated regulation of DNMT1."
"biorxiv","10.64898/2026.08.28.747755","10.64898/2026.08.28.747755","De novo design of CR2 binder as vaccine scaffold","Liu Y; Yin Y; Xu H; Du W; Xie C; Wu P; Zhou H; Cheng B; Bu G; Feng G; Zhong Q; Liu Z; Zeng M; Sun C","bioRxiv","2026-09-03","https://www.biorxiv.org/content/10.64898/2026.08.28.747755","Efficient B cell activation during vaccine-induced humoral immunity relies on both B cell receptor (BCR) antigen recognition and synergistic signaling from co-receptors. Complement receptor 2 (CR2), the primary BCR co-receptor on B cells, lowers the activation threshold and amplifies downstream kinase signaling by orders of magnitude when engaged by complement fragment C3d-decorated antigens. Targeting CR2 therefore represents a rational vaccine enhancement strategy, yet native C3d suffers from low affinity, poor stability, and manufacturing challenges. Here, we report the de novo design of a highly stable, high-affinity CR2 binder using deep learning–driven protein design methods. Biophysical characterization, high-resolution cryo-EM structural determination, and functional assays in vitro and in vivo confirm that the designed binder matches computational design models and specifically engages CR2 to boost B cell activation. When fused to antigen as a vaccine scaffold, the trimeric CR2 binder elicits robust humoral immune responses comparable to nanoparticle vaccines, while retaining the simplicity of single-chain protein production. Our work establishes a modular CR2-targeting vaccine scaffold platform with broad translational potential for next-generation protein vaccines."
"biorxiv","10.64898/2026.08.26.747436","10.64898/2026.08.26.747436","From Prompt to Provenance: BloClaw, a Capability-Gated AI4S Workstation for Auditable Computational Biology","Qin Y; Pang J; Zhang X","bioRxiv","2026-09-01","https://www.biorxiv.org/content/10.64898/2026.08.26.747436","Scientific agents can produce plausible answers while remaining unable to establish whether the computation behind an answer is executable, recoverable, or reproducible. We present B lo C law , an AI4S workstation built around a simple principle: a scientific agent should know what it can do, show how it did it, and state what remains unvalidated. Each capability declares an execution state, input constraints, dependencies, expected outputs, and scientific limitations. Natural-language requests are translated into structured tasks, validated against this registry, executed through scientific tools, and recorded in a provenance-aware Living Lab Notebook. The system is designed to detect invalid inputs, failed tool calls, missing dependencies, and remote timeouts, and to route them to repair, retry, or escalation. The implemented and tested scope comprises RDKit-based molecular property and rule screening, protein structure analysis, docking-pose inspection, 3D visualization, and structured reporting. We demonstrate the workflow on a PubChem-retrieved osimertinib structure and a supplied 6LU7 docking artifact: the former yields deterministic descriptors (molecular weight 499.619 Da, cLogP 4.5098, TPSA 87.55 A 2 ), while the latter contains 2,387 protein ATOM records, 309 residues, and nine pose records. These examples are workflow demonstrations, not efficacy or affinity studies. Beyond retrospective prediction, the manuscript specifies a prior-minimized constructive mode in which a desired function is compiled into explicit physical, chemical, and systems constraints, candidate mechanisms are simulated, and observations are reintroduced for calibration and falsification; this is a proposed extension rather than a result of the present case studies. We describe an evaluation protocol that compares BloClaw with a standard single-agent workflow and fixed-script execution using task completion, scientific correctness, recovery success, provenance completeness, reproducibility, human review time, latency, and cost. This manuscript reports the system design, verified capability boundary, deterministic software artifacts, and a reproducible evaluation protocol; it does not claim benchmark improvements before those experiments are run. BloClaw is an execution and accountability layer for AI-assisted research, complementing expert review and experimental validation rather than replacing them."
"biorxiv","10.64898/2026.09.01.748349","10.64898/2026.09.01.748349","De novo designed single-domain antibodies protect against lethal cobra venom neurotoxicity in vivo","Overath MD; Lundquist EVS; Björnsson KH; Kerwin S; Jacobsen CP; Møiniche MvB; Espi DR; Boddum K; Benard-Valle M; Fernández-Quintero ML; Mackessy SP; Jenkins TP","bioRxiv","2026-09-03","https://www.biorxiv.org/content/10.64898/2026.09.01.748349","Generative protein design can now rapidly produce de novo binders with high affinity and functional activity against a wide range of targets, including lethal snake venom toxins. However, so far most reported successes rely on new-to-nature scaffolds with limited therapeutic precedent. Single-domain antibodies (VHHs) offer a clinically validated alternative scaffold that can bind and neutralize long-chain α-neurotoxins, which are some of the most lethal components in snake venoms. Here we compare three recently established de novo design models with VHH-design capabilities (Germinal, RFantibody, and BoltzGen) for their ability to generate VHHs against the neurotoxin α-cobratoxin from the monocled cobra ( Naja kaouthia ). Using standardized model inputs and evaluation criteria based on AlphaFold3 interface confidence (ipTM) and RMSD self-consistency, we find that Germinal was the only method to generate designs passing stringent in silico criteria for experimental testing. We therefore performed a larger Germinal design campaign employing three different VHH frameworks and experimentally validated 46 designs in vitro . Of these, 42 expressed as soluble proteins and we identified four binding hits derived from two of the three tested frameworks. Of the four binders, two lead candidates were further characterized and demonstrated high affinity (KDs of 4.1 nM and 10.8 nM), monomeric behavior and low polyreactivity, indicating favorable biophysical and developability properties, as well as functional toxin neutralization in vitro . To assess their therapeutic potential we investigated their ability to protect against α-cobratoxin toxicity in vivo . Both candidates fully protected mice after α-cobratoxin challenge, with 100% survival compared to a lethal control. One candidate also retained notable neutralization capacity against whole venom of Naja kaouthia with a survival of 56%, while the other protected 22% when tested in a rescue setting. Together, we demonstrate that de novo VHH design can generate high affinity single-domain antibodies with in vivo protection against lethal cobra venom neurotoxicity, and provide practical insights into method- and framework-dependent performance."
"arxiv","2609.04465v1","","The physical foundation beneath protein generative modeling","Tianyu Lu; Po-Ssu Huang","","2026-09-03","https://arxiv.org/abs/2609.04465v1","Physical equations in protein modeling appear to have been replaced by generative models trained directly on structure data. By learning a mapping from noise to data, sampling de novo protein structures has become much more efficient. However, such models can also learn non-physical features and break down with out-of-distribution settings which are typical in protein design campaigns. In this review, we highlight where the physics persists in protein generative modeling pipelines and the issues that linger when physically relevant components of a macromolecular system are left unmodeled. We present a perspective that respecting the underlying physics of macromolecular systems, increasingly through learned representations that are physically grounded and updating generative models with experimental data, is foundational to generative modeling for functional protein design."
"arxiv","2609.03761v1","","Robot Aware Computational Design of Object Specific Passive Grippers for Additive Manufacturing","Abdullah Yahya Abdullah Omaisan; Ibrahim Sheikh Mohamed","","2026-09-03","https://arxiv.org/abs/2609.03761v1","This paper presents an end-to-end computational pipeline that converts a selected object mesh, a measured object state, and a selected six-axis robot into an object-specific, unactuated, additively manufacturable gripper. The method couples exact-mesh RGB-D/ICP pose registration, deterministic surface-contact sampling, uncertainty-aware wrench screening, selection among six passive capture mechanisms, object-conformal surface synthesis, full-orientation robot inverse kinematics, a swept-volume-aware manufacturing domain, directional fused-deposition finite-element screening, and constrained three-dimensional SIMP topology optimization. Unlike workflows that treat grasp selection, tool geometry, motion, and structural design as separate problems, every exported design is bound to the source mesh, object pose, robot flange, contact set, and insertion hypothesis by a traceable design identifier. We derive the implemented registration, contact, fit-tolerance, finite-element, and density-optimization equations and prove three properties of the numerical construction: nodal load preservation, monotonic compliance sensitivity under SIMP interpolation, and voxel-domain containment after topology post-processing. Four archived object-specific attempts - a rabbit, camera flange, 3DBenchy, and faceted bust - meet the nominal fit, uncertain-wrench, runtime-sweep, and baseline/post-topology FEA gates. A deliberately enlarged +/-3 mm, +/-5 degree pose stress check differentiates the designs, retaining 29-134 of 160 simulated trials. Their reconstructed topologies retain 92.0-97.6% of the FE domain because functional regions are protected. Archived robot photographs show the corresponding printed assemblies qualitatively, while nominal material properties and absent coupon-calibrated, instrumented tests keep all four at digital-screening status rather than operational release."
"arxiv","2609.03377v1","","SimpleDesign: A Joint Model for Protein Sequence and Structure Codesign","Jiarui Lu; Yuyang Wang; Yizhe Zhang; Jiatao Gu; Navdeep Jaitly; Joshua M. Susskind; Miguel Ángel Bautista","Transactions on Machine Learning Research, 08/2026","2026-09-03","https://arxiv.org/abs/2609.03377v1","Proteins are fundamental to biological processes, with their function determined by the complex interplay between the amino acid sequence and the three-dimensional structure. Developing generative models capable of understanding this intrinsically multi-modal relationship is crucial for fields like drug discovery and protein engineering. Existing models often rely on a multi-stage training process where autoencoders that tokenize data into latent representations are trained in a first stage. Secondly, a generative model is trained on the latent representation of the autoencoder(s), i.e., generative modeling in a latent space. We hypothesize that this multi-stage training is not necessary to obtain performant co-design models and thus present SimpleDesign, an effective multi-modal protein design model trained directly in the data space. SimpleDesign leverages a single-stage end-to-end objective that combines discrete cross-entropy for sequences and a regression objective for structures. In order to effectively model the difference in sequence and structure modalities, we develop a Mixture-of-Transformer architecture that allows modality-specific processing while keeping global self-attention over both modalities. We train SimpleDesign on over 2M sequence-structure pairs achieving strong performance across co-design and unconditional sequence/structure generation benchmarks."
"arxiv","2609.02387v1","","Semantics-Guided Automatic Tensorization for Multiobjective Evolutionary Algorithms: A Multi-Agent Framework","Zhenyu Liang; Beichen Huang; Bowen Zheng; Ran Cheng","","2026-09-02","https://arxiv.org/abs/2609.02387v1","Multiobjective evolutionary algorithms (MOEAs) naturally expose population-level parallelism, but many mature implementations encode their computation in sequential program structures designed for central processing units. Exploiting modern tensor computing platforms therefore requires more than direct code translation: the implementation must be restructured without changing the defining optimization mechanism of the underlying MOEA. We formulate automatic tensorization for MOEAs as semantics-guided computational restructuring and develop Evolutionary Code Conversion (EvoCoCo), a multi-agent framework that realizes this formulation. EvoCoCo reconstructs algorithm-specific states, dependencies, operators, and update logic into a structured semantic representation and organizes them through a shared tensorization blueprint. Specialized transformation branches then explore alternative tensor realizations, while execution feedback guides validation, repair, and candidate selection. Experiments on a benchmark of 48 MOEAs evaluate migration reliability, optimization fidelity, and computational scalability. Under matched large language model backends, EvoCoCo attains higher migration reliability than direct one-shot translation. Across the benchmark suites, 88.2% of valid comparisons satisfy the predefined optimization-fidelity criterion. The tensorized implementations also exhibit increasing acceleration on graphics processing units as population size or decision dimension grows, with median measured speedups ranging from $22.6\times$ under population scaling to $80.2\times$ under decision-dimension scaling. External-source and ablation studies further assess transfer beyond the main benchmark and the roles of the major framework components."
"arxiv","2609.02315v1","","DiffIE: Diffusion-based Open Information Extraction","Konstantin Fedorov; Valentin Malykh","","2026-09-02","https://arxiv.org/abs/2609.02315v1","A single sentence often expresses multiple valid relational triplets, which makes Open Information Extraction (OpenIE) fundamentally a multi-output task. Existing neural systems handle this by autoregressive generation, which is flexible but slow and prone to redundancy, or by fixed-slot prediction, which is efficient but couples the extraction budget to training. We introduce DIFFIE which instead treats the stochasticity of conditional discrete diffusion as the extraction mechanism itself: independent reverse-diffusion trajectories over per-token role tags produce a pool of candidate triplets, which are clustered under lenient matching and ranked to form the output. Both the pool size and the number of returned extractions are inference-time choices, decoupling the extraction budget from training and exposing test-time compute as a tunable axis. DIFFIE achieves the new state of the art in CaRB (1-1) both F1 and AUC, and outperforms the strongest rule-based system (ClausIE) in BenchIE; it also remains competitive in standard CaRB and WiRe57 evaluations, giving the best average score among systems that report all four benchmarks. Ablations show that uniform discrete diffusion outperforms absorbing state diffusion in our setting, and that a matched non-diffusion stochastic tagger does not reproduce its gains. Our results indicate that diffusion stochasticity is an effective mechanism for structured prediction tasks with multiple valid outputs."
"arxiv","2609.02196v1","","Schrödinger Bridges on Lie Group Manifolds for Probabilistic Intrinsic Generation","Shizhe Zhang; Mingyang Zhao; Lei Ma","","2026-09-02","https://arxiv.org/abs/2609.02196v1","Generative modeling directly on geometric manifolds can avoid errors introduced by flattening non-Euclidean data, repeated ambient projection, and coordinate inconsistency in Euclidean representations. Schrodinger bridges provide a probabilistic generative framework for entropy-regularized transport between prescribed endpoint distributions. We study Schrodinger bridges for kinetic dynamics on Lie group manifolds with state X_t = (g_t, xi_t) in G x g, allowing endpoint observations to constrain only the variables that are actually measured. In particular, the entropy projection determines the conditional law of the unobserved endpoint velocities. For the same observed endpoint bridge, we develop two computational realizations: Wrapped-Kernel Bridge Calibration (WKBC) uses an explicit periodized kinetic kernel on compact Abelian groups, whereas Reciprocal Conditional-Control Bridge Matching (RCCBM) handles compact non-Abelian groups through two-sided endpoint calibration and mollified conditional-control matching. The canonical teacher-mixture path law is itself a Markov reciprocal law, so forward generation uses a calibrated initial law and one learned Doob controller. Moreover, we establish a modular error bound in the bounded-Lipschitz path metric that provides a clean separation of errors due to endpoints, control regression, initialization, discretization, and related approximations. Experiments on multiple Lie group manifold datasets validate the feasibility and consistency of our proposed method, covering protein and RNA torsions, SO(3), U(n), and the Protein Conformational Transition Pathway Generation task using mdCATH trajectories in a compact reduced representation. The source code is publicly available at https://github.com/cafferyzhang12/Schr-dinger_Bridge_on_LieGroup."
"arxiv","2609.02113v1","","Logarithmic-scale variational quantum eigensolver for off-lattice protein structure prediction in continuous torsional angle space","Fabio Cumbo; Bryan Raubenolt; Varun Puram; Natalie Katzenmeyer; Jayadev Joshi; Daniel Blankenberg","","2026-09-02","https://arxiv.org/abs/2609.02113v1","Classical and current quantum approaches to protein structure prediction (QPSP) face limitations, notably massive qubit requirements restricting near-term models to simplistic on-lattice simulations. We propose a logarithmic-scale variational quantum eigensolver (VQE) that reduces qubit requirements for N torsional degrees of freedom to O(log2N), enabling off-lattice, all-atom simulations. Our architecture extracts molecular torsions from relative phases in statevector simulations. On quantum hardware, a decoder maps the empirical cumulative distribution function (CDF) from basis-state probabilities to bounded torsional variables. These feed a classical algorithm to build heavy-atom coordinates. We use an EfficientSU2 ansatz and multi-stage relaxation to mitigate barren plateaus. Structures are evaluated via a custom hybrid quantum-classical Hamiltonian, alongside Rosetta and OpenMM benchmarks. Evaluation on chignolin and Trp-cage yielded native-like conformations. Chignolin reached a 0.623 Å Cα RMSD in retained snapshots and 1.199 Å in final models; Trp-cage achieved a 2.501 Å RMSD among snapshots (3.512 Å in final models). Execution on IBM processors (ibm_cleveland, ibm_miami) successfully recovered native-like structures with a best RMSD of 1.758 Å. The custom energy function performed best overall, though energy-ranking imbalances persisted across sampled landscapes for all functions. This introduces the first all-atom, continuous-space quantum algorithm for QPSP. By converting physical qubit constraints into circuit depth constraints, it proves high-resolution prediction is feasible with exponentially fewer qubits. Despite current limits like computational overhead and energy function sensitivity, it establishes a scalable foundation for hybrid quantum biophysics."
"arxiv","2609.02001v1","","Machine-learning screening and first-principles lattice dynamics resolve the most stable structure of NaCa(BH$_4$)$_3$ from a data-driven candidate search","Sanaa Ismail; Ricardo Amaral; Attia A. Gadallah; Hassan Mohamed El-Said Azzazy; Zi-Kui Liu","","2026-09-02","https://arxiv.org/abs/2609.02001v1","Equimolar NaCa(BH$_4$)$_3$ offers a theoretical hydrogen capacity of 11.24 wt.% and a decomposition enthalpy expected to fall between those of NaBH$_4$ and Ca(BH$_4$)$_2$, but it has never been prepared and no crystal structure has been reported. Predictions for it have so far been built within the perovskite family that its heavier homologues adopt. Here that assumption is removed. Six candidate frameworks were assembled from three independent sources --- experimentally determined ABX$_3$ borohydrides, a distorted perovskite from data-driven structure prediction, and an unbiased search over a structural database in which all 2238 generated candidates were relaxed with none excluded --- and at fixed charge-neutral composition the cation arrangement of every framework was enumerated exhaustively, 420 decorations reducing to 118 symmetry-inequivalent configurations, screened with a machine-learning potential and settled from first principles. The most stable structure is not a perovskite. It is a monoclinic framework of space group Cm, reached only by the unrestricted search, at $-$4.185640 eV/atom, 7.67 meV/atom below the best framework available beforehand; two chemically unrelated donor prototypes converge on it to 0.076 meV/atom, and its ordered cation arrangement is the ground state of its own series. Its phonon spectrum carries no imaginary mode at any wavevector the supercell resolves exactly and its relaxed-ion elastic tensor is positive definite, whereas the orthorhombic perovskite candidate is unstable to $-$2.401 THz. That contrast supplies a physical reason for the reported failure to obtain this composition in perovskite form, and the simulated diffraction pattern reported here identifies the predicted framework by seven reflections that neither parent phase nor the competing framework produces."
"arxiv","2609.01929v1","","Risk-Sensitive Reward Composition for Conditional GFlowNets","Carine Ribeiro dos Santos; Ina Pöhner","","2026-09-01","https://arxiv.org/abs/2609.01929v1","Generative Flow Networks (GFlowNets) for structure-based drug design condition on one rigid protein structure. A flexible target holds several distinct structural shapes, its conformations, each occupied for a fraction of the simulation time. Scoring a candidate against all of them raises an open question: how do K scores become one reward? The designer cannot choose arbitrarily. Populations carry simulation error, and biology dictates which conformations are deal-breakers, so a candidate that fails one is disqualified, not merely ranked lower. No standard rule captures this. We compose the reward from a conditional value-at-risk (CVaR), a worst-case score rule, and an ambiguity radius expressing distrust in the stated weights. Together, these define a family of targets, amortised by a single conditional GFlowNet. We answer whether such a sampler can be trained on fully enumerable synthetic worlds, where every error is exact rather than estimated. Pricing the tail rather than averaging moves 2-10 times more mass to candidates that pass every conformation. One network covers the family to within 0.37-2.7x the error of a perfect sampler. An exact-KL oracle, a copy trained on the true target, shows if a shortfall is the optimiser's or the architecture's. When good candidates are rare, exploration decides: injecting unseen states finds 0.987-1.000 of good regions, while reweighting visited finds 0.35-0.76."
"arxiv","2609.01353v1","","SymFold: Synergizing Evolutionary and Structural Priors for Accurate Protein Inverse Folding","Handong Wang; Jiaxin Qi; Baisheng Lai; Jianqiang Huang","","2026-09-01","https://arxiv.org/abs/2609.01353v1","Protein inverse folding aims to recover amino acid sequences for a given 3D protein structure, underpinning broad applications such as enzyme engineering and drug discovery.Current methods often follow a serial pipeline, in which a structure encoder predicts a coarse sequence, which is then refined by protein language models (PLMs). However, because PLMs only perform post-hoc sequence edits, the refinement is bounded by the quality of upstream predictions.Thanks to recent multimodal protein language models (MPLMs), we could directly encode structure to generate sequences with pretrained structural knowledge, but we observe that they are not effective for inverse folding. Therefore, we introduce a symmetric dual-path architecture that both leverages PLMs for pretrained sequence evolution knowledge and MPLMs for pretrained structural knowledge to iteratively guide protein sequence generation.Through extensive experiments across standard protein inverse folding benchmarks, our method achieves state-of-the-art performance, surpassing prior approaches, and ablation studies validate the rationale of our symmetric design, revealing a promising direction for the community."
"arxiv","2609.01076v1","","Text-guided flow matching enables sample-efficient crystal structure generation","Wentao Li","","2026-09-01","https://arxiv.org/abs/2609.01076v1","Crystal generators can now propose periodic structures, but their control interfaces remain poorly matched to the mixed descriptors used in materials design. Text provides a compact way to combine composition, symmetry, prototype and property cues, yet it has not been clear whether such information can steer flow-based crystal generation. Here we introduce TFMat, a text-conditioned flow-matching framework that uses structured materials language as a semantic prior for a CrystalFlow generator. Across Perov-5, Carbon-24 and MP-20 crystal structure prediction benchmarks, TFMat improves one-candidate match rates over CrystalFlow and reaches a 92.04% MP-20 match rate with 20 candidates; in de novo generation, it improves element-count and density distribution alignment while retaining coarse property consistency in composition-selected outputs. These results position structured text as an inspectable control layer for translating human-readable materials intent into candidate crystals for downstream simulation and validation."
"arxiv","2609.00518v1","","Learning Task-Specific Antibody Representations via Function-Aware Masking","Ayan Goel; Thomas A. Walton; Amirali Aghazadeh","","2026-09-01","https://arxiv.org/abs/2609.00518v1","Antibody-specific language models pretrained via masked language modeling (MLM) learn representations that are critical for downstream sequence design and property prediction tasks. Yet, the corruption process itself is rarely leveraged as a source of inductive bias during pretraining. While preferentially masking complementarity-determining regions (CDRs) improves binding-related predictions, antibodies possess diverse biological priors over a variety of functions. Herein, we introduce function-aware masking, a family of pretraining algorithms that align mask placement with specific functional priors (e.g., from IMGT annotations or structure predictions) to shape the learned representation space. We show that these specialist masking strategies significantly improve performance on their respective objectives, yielding up to a 14% gain on structure-related tasks and up to a 5.9x improvement on CDR-related tasks. To further improve performance across multiple functional axes, we develop hybrid masking strategies that integrate multiple priors, balancing reconstruction over binding, structural, and biophysical objectives. Our results demonstrate that informed mask placement provides a parameter-free mechanism for imposing functional inductive biases in antibody language model training."
"chemrxiv","10.26434/chemrxiv.15008246/v1","10.26434/chemrxiv.15008246/v1","GeoDSSOP: Geometry-aware prediction of protein backbone order parameters from sequence and structure","Wanjia Tang; Qianqian Wang; Xiongjie Xiao; Xu Zhang; Bin Jiang; Maili Liu","ChemRxiv","2026-09-03","https://doi.org/10.26434/chemrxiv.15008246/v1","Backbone amide order parameters (S2) describe protein motions on the picosecond-to-nanosecond time scale at residue resolution. However, NMR measurement and calculation from atomistic molecular dynamics (MD) trajectories are time-consuming. We developed GeoDSSOP (Geometry-aware Deep Sequence–Structure Order-Parameter Predictor) to predict backbone N–H S2 from one amino-acid sequence and one corresponding structure. GeoDSSOP combines frozen ESM-2 residue embeddings with a geometric vector perceptron-style encoder of a residue graph. A gated residual module fuses the sequence and structure representations, and a dilated temporal convolutional network gives a bounded prediction for each residue. We trained these models on 3,490 proteins with MD-iRED labels or S-OPPE pseudo-labels. The two label sources were weighted equally, and homologous proteins were kept in the same data partition. The model gave a protein-macro PCC of 0.8250 on a protected and homology-separated test set of 136 MD-labelled proteins, and 0.8424 on a historical experimental NMR benchmark of ten proteins that was not used to train OPPE, S-OPPE, or GeoDSSOP. In a matched three-run ablation, adding the structure pathway increased the mean protein-macro PCC on MD-iRED validation from 0.7220 to 0.8026. This result shows that one protein structure provides useful information beyond the sequence pathway. Label-source ablations also showed domain-specific performance and asymmetric transfer. Balanced dual-source training gave the best overall performance on the mixed-domain development set. GeoDSSOP can rapidly produce residue-level fast-dynamics profiles from a sequence and one available structure. It does not require a new MD simulation or a multi-conformer structure ensemble, but it remains a statistical predictor and does not replace experiment or trajectory-based analysis."
"medrxiv","10.64898/2026.09.02.26362017","10.64898/2026.09.02.26362017","A Time-Dependent Diffusion MRI Framework for Clinical Characterisation of Human Brain Cellular Architecture","Leibovici A; Espinos Soler E; Mesika D; Tsarfaty G; Livny A; De Santis S; Eggl MF","medRxiv","2026-09-05","https://www.medrxiv.org/content/10.64898/2026.09.02.26362017","Diffusion-weighted MRI, beyond the commonly used diffusion tensor framework, offers a unique window into tissue microstructure in vivo, yet its clinical adoption has remained limited. Major barriers include the complexity of diffusion MRI sequence design, lengthy acquisition protocols, and the challenges associated with robust estimation of high-dimensional microstructural model parameters. Here, we address these limitations by combining optimised diffusion encoding with state-of-the-art simulation-based inference, establishing a clinically feasible framework for multi-compartment diffusion modelling. We validate the approach through i) in-depth in silico experiments and ii) in vivo studies made up of both human and rodent data. The resulting microstructural metrics are robust, reproducible across healthy individuals and show significant spatial associations with brain-wide expression patterns of cell-specific genes. Requiring less than 10 minutes of acquisition time, this framework substantially lowers the barriers to advanced microstructural imaging, a prerequisite step toward its eventual evaluation for the diagnosis, stratification, and monitoring of brain disorders."
